"Post ID",Survey,"Post Status","Created (UTC)","Updated (UTC)","Post Date (UTC)","Contact ID",Contact,"Data Source ID",Source,"Unstructured Description","1. Qual é sua escola?","2. Você estuda nessa escola há quanto tempo?","3. Qual é a sua idade (anos)?","4. Qual o gênero com o qual você se identifica?","5. Qual a cor/etnia com a qual você se identifica?","6. Em que ano você está?","7. Em que turno você cursa o Ensino Médio ou o Ensino Fundamental?","8. Onde você cursou o Ensino Fundamental?","9. Ao todo, quantas pessoas moram em sua casa, incluindo você?","10. Entre essas pessoas, quantas delas trabalham e contribuem para a renda familiar?","11. Qual é, aproximadamente, a renda mensal bruta da sua família, incluindo seu próprio rendimento? O valor do salário mínimo (SM) é R$ 1.320,00.","12. Quantas irmãs ou irmãos moram com você?","13. Quantos deles estudam?","14. Quantos deles trabalham?","15. Sobre os responsáveis por você, qual é o nível de instrução do responsável 1 por você (mãe, pai ou outra pessoa)?","16. Indique o grupo que contempla a ocupação mais próxima do responsável 1 por você","17. Qual é o nível de instrução do responsável 2 por você (mãe, pai ou outra pessoa)","18. Indique o grupo que contempla a ocupação mais próxima do responsável 2 por você","19. Você diria que a vizinhança onde você mora é","20. Na sua casa tem quantos carros?","21. Na sua casa tem quantas motos?","22. Na sua casa tem quantas bicicletas?","23. Indique no mapa o ponto de ônibus ou estação mais próximo da sua casa..lat","23. Indique no mapa o ponto de ônibus ou estação mais próximo da sua casa..lon","24. Qual é o tempo de caminhada da sua casa até esse ponto geralmente?","25. Como você geralmente vai para a escola? (marcar uma ou mais opções)","26. Quanto tempo você geralmente leva no total para chegar na escola?","27. Se você usa transporte público, você usa o Bilhete Único de Estudante?","28. Com quem você geralmente vai para a escola? (marcar uma ou mais opções)","29. Você trabalha?","30. Se você anda a pé em alguma parte do seu trajeto para a escola, quais problemas você encontra no seu caminho? (marcar uma ou mais opções)","31. Se você usa o transporte público para a escola, você já enfrentou algum desses problemas na sua viagem? (marcar uma ou mais opções)","32. Para você, o seu caminho até a escola é","33. Com relação a questão da segurança, seu caminho até a escola é:","34. Se já sentiu medo no seu caminho até a escola, teve medo de que? (marcar uma ou mais opções)","35. Se você sentiu medo, isso afetou o seu acesso à escola?","36. Se pudesse mudar o seu modo de transporte até a escola, qual escolheria?","37. Com relação às disciplinas dessa escola","38. Você já pegou recuperação ou repetiu de ano nessa escola?","39. Se você já reprovou ou ficou de recuperação nessa escola, o que você acha que influenciou isso?","40. Com relação a sua frequência na escola, você acha que falta:","41. Você considera a sua escola:","42. Você gostaria de mudar de escola, se pudesse?","43. Na sua opinião, quais são os maiores problemas da sua escola? (marcar até 3 opções)","44. Você tem algum (a) irmã (o) que parou de estudar antes de completar o ensino médio?","45. Se sim, qual você acha que foi o motivo?","46. Quais destes aparelhos eletrônicos você usa em atividades didáticas dentro da escola? (marcar uma ou mais)","47. Quais destes aparelhos eletrônicos você usa fora da escola? (marcar uma ou mais)","48. Você pretende se inscrever em quais processos seletivos de ingresso no ensino superior (faculdade/universidade)?","49. Você já foi em algum desses equipamentos ou eventos culturais sem ser com a escola? (marcar uma ou mais opções)","50. E nos últimos 30 dias? (marcar uma ou mais opções)","51. Com quem você geralmente vai para esses eventos? (marcar uma ou mais opções)","52. Você gostaria de falar mais alguma coisa?"
,,,,,,,,,,,,,,,,,,,,,,,,,,,,,,,,,,,,,,,,,,,,,,,,,,,,,,,,,,,,,,,
18,"Pesquisa Mobilidade - E.E. Oswaldo Catalano",draft,"2023-12-05 11:12:18",,"2023-12-05 11:12:18",,,,,,"E.E. Oswaldo Catalano","dois anos",17,mulher,branca,"2º ano do Ensino Médio","matutino (manhã)","maior parte em escola particular",3,2,"acima de 3 SM até 5 SM - de R$ 3.960,01 até R$ 6.600,00.",,,,"não sei","grupo 2","não sei","grupo 2","classe média baixa",1,,,-23.5360799,-46.4555099,"menos de 5 minutos","carona, ônibus, metrô/trem","de 30 minutos a 1 hora","sim, tenho passe livre","sozinha/o, amiga/o",não,"pouca gente, lixo na rua ou nas calçadas","espero muito no ponto/estação, desconforto no veículo (lotação, falta de assentos, muito quente, balança muito, corre muito), assédio no veículo",regular,regular,"de ser assaltado, de ser perseguido, de sofrer assédio (assobios, assédio verbal ou físico)","isso não afetou o meu acesso",carro,"nem difícil e nem fácil",não,Não,raramente,regular,indiferente,"insegurança dentro da escola",não,"Nao tem motivos",nenhum,"computador, smartphone","não sei","cinema, circo",cinema,"sozinha/o, amiga/o, mãe/pai",NA
19,"Pesquisa Mobilidade - E.E. Oswaldo Catalano",draft,"2023-12-05 11:12:22",,"2023-12-05 11:12:22",,,,,,"E.E. Oswaldo Catalano","dois anos",17,mulher,preta,"2º ano do Ensino Médio","matutino (manhã)","todo em escola pública",3,2,"até 1 SM - até R$ 1.320,00.",,2,,"ensino fundamental incompleto","grupo 2","não possuo responsável","não possuo responsável",pobre,,,,-23.551152280904,-46.462404832964,"de 5 a 10 minutos","ônibus, metrô/trem","de 30 minutos a 1 hora","sim, tenho passe livre",sozinha/o,"sim, depois de ir para a escola","pouca gente, poucas calçadas, calçadas estreitas, lixo na rua ou nas calçadas, calçadas com buracos ou obstáculos, poucas árvores","demora muito para chegar na escola, muito trânsito, desconforto no veículo (lotação, falta de assentos, muito quente, balança muito, corre muito), comportamento incômodo de outros passageiros",ruim,regular,"de ser assaltado, de ser perseguido, de sofrer assédio (assobios, assédio verbal ou físico)","isso não afetou o meu acesso","van gratuita - TEG","nem difícil e nem fácil",não,,raramente,regular,sim,"muitos alunos por classe, professores ruins, falta de equipamentos, infraestrutura ruim, falta de professores, falta transporte escolar, a distância de casa até a escola é muito grande, ensino ruim",sim,"deficiência mental",smartphone,smartphone,"ENEM, Fuvest (USP), Vunesp (UNESP), COMVEST (UNICAMP), para uma faculdade particular","biblioteca, museu, exposição ou galeria de arte","não fui",sozinha/o,NA
20,"Pesquisa Mobilidade - E.E. Oswaldo Catalano",draft,"2023-12-05 11:12:46",,"2023-12-05 11:12:46",,,,,,"E.E. Oswaldo Catalano","dois anos",17,homem,parda,"2º ano do Ensino Médio","matutino (manhã)","todo em escola pública",5,4,"não sei / prefiro não responder",2,2,2,"ensino fundamental incompleto","não sei / prefiro não responder","ensino fundamental incompleto","não sei / prefiro não responder","classe média alta",2,,,-23.535189706826,-46.576161505745,"menos de 5 minutos","a pé","de 11 a 20 minutos","sim, tenho passe livre","irmã/o, mãe/pai","sim, depois de ir para a escola","muito trânsito","não uso transporte público",ótimo,regular,"não sinto medo no meu caminho","não senti medo","não mudaria","nem difícil e nem fácil",não,,raramente,regular,não,sujeira,não,,smartphone,smartphone,"não sei","cinema, circo","não fui",amiga/o,Não
21,"Pesquisa Mobilidade - E.E. Oswaldo Catalano",draft,"2023-12-05 11:13:46",,"2023-12-05 11:13:46",,,,,,"E.E. Oswaldo Catalano","dois anos",17,mulher,branca,"2º ano do Ensino Médio","matutino (manhã)","todo em escola pública",5,2,"acima de 1 SM até 2 SM - de R$ 1.320,01 até R$ 2.640,00.",2,1,,"ensino médio incompleto","grupo 2","ensino fundamental incompleto","grupo 2","classe média baixa",,,,-23.535025984351,-46.578402604413,"menos de 5 minutos","a pé","menos de 10 minutos","não uso transporte público",sozinha/o,não,"calçadas estreitas, lixo na rua ou nas calçadas","não uso transporte público",ótimo,ótimo,"de cair, de ser assaltado, de sofrer assédio (assobios, assédio verbal ou físico)","isso não afetou o meu acesso","não mudaria","no geral, acho difícil",não,"Não fiquei em nenhuma","às vezes",boa,não,"professores ruins, insegurança dentro da escola, falta de equipamentos, infraestrutura ruim, sujeira, merenda ruim ou insuficiente, indisciplina dos alunos, falta de professores, ensino ruim",não,,smartphone,smartphone,"ENEM, Fuvest (USP)","biblioteca, cinema","não fui",amiga/o,NA
22,"Pesquisa Mobilidade - E.E. Oswaldo Catalano",draft,"2023-12-05 11:14:01",,"2023-12-05 11:14:01",,,,,,"E.E. Oswaldo Catalano","dois anos",17,mulher,branca,"2º ano do Ensino Médio","matutino (manhã)","todo em escola particular",6,3,"acima de 5 SM até 7 SM - de R$ 6.600,01 até R$ 9.240,00.",1,1,1,"pós-graduação completa","grupo 4","ensino superior incompleto","grupo 3","classe média baixa",1,,2,-23.539320631833,-46.431741714478,"de 5 a 10 minutos",metrô/trem,"de 30 minutos a 1 hora","sim, tenho passe livre",sozinha/o,não,"lugares difíceis de atravessar","desconforto no veículo (lotação, falta de assentos, muito quente, balança muito, corre muito), comportamento incômodo de outros passageiros, assédio no veículo",regular,regular,"de ser assaltado, de ser perseguido, de sofrer assédio (assobios, assédio verbal ou físico)","isso não afetou o meu acesso",carro,"no geral, acho fácil",não,,bastante,boa,sim,"indisciplina dos alunos, falta de professores, a distância de casa até a escola é muito grande, falta de eventos ou atividades culturais",não,,smartphone,"computador, smartphone","ENEM, Fuvest (USP), para uma faculdade particular","biblioteca, cinema, circo, museu, exposição ou galeria de arte, teatro ou stand-up, espetáculo ou apresentação de dança, show de música ou concerto, festa folclórica ou típica (ex.: carnaval, festa junina, etc.), sarau, batalhas de rap ou slam, feiras de artesanato, antiguidades","cinema, teatro ou stand-up, show de música ou concerto","amiga/o, namorada/o",NA
23,"Pesquisa Mobilidade - E.E. Oswaldo Catalano",draft,"2023-12-05 11:14:33",,"2023-12-05 11:14:33",,,,,,"E.E. Oswaldo Catalano","um ano",17,mulher,branca,"2º ano do Ensino Médio","matutino (manhã)","todo em escola pública",4,2,"acima de 1 SM até 2 SM - de R$ 1.320,01 até R$ 2.640,00.",1,,1,"ensino médio completo","não possui ocupação / desempregada(o)","ensino fundamental completo","grupo 2",pobre,,,,-23.5288483,-46.505365,"de 21 a 30 minutos","ônibus, metrô/trem","de 30 minutos a 1 hora","sim, tenho passe livre",sozinha/o,não,"pouca gente","o ponto/estação é muito distante, espero muito no ponto/estação, demora muito para chegar na escola, passagem cara, muito trânsito, desconforto no veículo (lotação, falta de assentos, muito quente, balança muito, corre muito), comportamento incômodo de outros passageiros, assédio no veículo",ruim,péssimo,"de ser assaltado, de ser perseguido, de sofrer assédio (assobios, assédio verbal ou físico)","já alterei o meu caminho para a escola",carro,"no geral, acho fácil",não,,bastante,regular,sim,"muitos alunos por classe, professores ruins, insegurança dentro da escola, a distância de casa até a escola é muito grande",não,,smartphone,"computador, smartphone","ENEM, Fuvest (USP), Vunesp (UNESP), COMVEST (UNICAMP), para uma faculdade particular","biblioteca, cinema, circo, museu, exposição ou galeria de arte, teatro ou stand-up, show de música ou concerto, feiras de artesanato, antiguidades","cinema, museu, exposição ou galeria de arte, eventos geeks ou feiras gamers","irmã/o, amiga/o, namorada/o, mãe/pai",NA
24,"Pesquisa Mobilidade - E.E. Oswaldo Catalano",draft,"2023-12-05 11:15:53",,"2023-12-05 11:15:53",,,,,,"E.E. Oswaldo Catalano","dois anos",17,mulher,branca,"2º ano do Ensino Médio","matutino (manhã)","todo em escola pública",4,2,"acima de 1 SM até 2 SM - de R$ 1.320,01 até R$ 2.640,00.",2,2,2,"ensino fundamental incompleto","grupo 2","ensino fundamental incompleto","grupo 3","classe média baixa",1,,1,41.635501546229,2.4060275048369,"de 5 a 10 minutos","ônibus, metrô/trem","de 30 minutos a 1 hora","sim, tenho passe livre","sozinha/o, amiga/o, namorada/o",não,"muito trânsito, muita gente, lixo na rua ou nas calçadas, calçadas com buracos ou obstáculos, lugares difíceis de atravessar, pouca iluminação","o ponto/estação é muito distante, espero muito no ponto/estação, desconforto no veículo (lotação, falta de assentos, muito quente, balança muito, corre muito)",regular,ruim,"de ser assaltado, de ser perseguido, de sofrer assédio (assobios, assédio verbal ou físico)","já alterei o meu caminho para a escola",carro,"nem difícil e nem fácil",não,,"às vezes",boa,indiferente,"muitos alunos por classe, falta de equipamentos, infraestrutura ruim, indisciplina dos alunos, falta de professores",não,,computador,smartphone,"não sei","biblioteca, cinema, museu, exposição ou galeria de arte, show de música ou concerto, batalhas de rap ou slam, baile funk","cinema, batalhas de rap ou slam, baile funk","amiga/o, namorada/o",NA
25,"Pesquisa Mobilidade - E.E. Oswaldo Catalano",draft,"2023-12-05 11:18:46",,"2023-12-05 11:18:46",,,,,,"E.E. Oswaldo Catalano","dois anos",17,homem,branca,"2º ano do Ensino Médio","matutino (manhã)","todo em escola particular",3,2,"acima de 7 SM até 10 SM - de R$ 9.240,01 até R$ 13.200,00.",,,,"pós-graduação completa","grupo 4","ensino superior completo","grupo 4","classe média baixa",1,,,-23.540139004854,-46.484685200821,"de 5 a 10 minutos","carro, metrô/trem","de 30 minutos a 1 hora","sim, tenho passe livre","sozinha/o, amiga/o, mãe/pai",não,"muito trânsito, muita gente, lixo na rua ou nas calçadas, calçadas com buracos ou obstáculos, poucas árvores, pouca iluminação","demora muito para chegar na escola, muito trânsito, desconforto no veículo (lotação, falta de assentos, muito quente, balança muito, corre muito)",ruim,ruim,"de ser assaltado, de ser parado por policiais ou agentes de segurança","isso não afetou o meu acesso",carro,"nem difícil e nem fácil",não,,bastante,ruim,sim,"muitos alunos por classe, professores ruins, insegurança dentro da escola, falta material escolar, falta de equipamentos, infraestrutura ruim, sujeira, merenda ruim ou insuficiente, indisciplina dos alunos, demora para abrir o portão, falta de professores, ensino ruim",não,,smartphone,"computador, smartphone","ENEM, Fuvest (USP), Vunesp (UNESP), COMVEST (UNICAMP), para uma faculdade particular","biblioteca, cinema, circo, museu, exposição ou galeria de arte, teatro ou stand-up, show de música ou concerto, festa folclórica ou típica (ex.: carnaval, festa junina, etc.), sarau, batalhas de rap ou slam, baile funk, eventos geeks ou feiras gamers","cinema, show de música ou concerto","irmã/o, amiga/o, mãe/pai, outros familiares",NA
26,"Pesquisa Mobilidade - E.E. Oswaldo Catalano",draft,"2023-12-05 11:19:43",,"2023-12-05 11:19:43",,,,,,"E.E. Oswaldo Catalano","dois anos",17,homem,branca,"2º ano do Ensino Médio","matutino (manhã)","todo em escola particular",4,3,"acima de 10 SM até 15 SM – de R$ 13.200,01 até R$ 19.800,00.",1,1,,"ensino médio completo","grupo 4","ensino médio incompleto","grupo 4","classe média baixa",1,1,3,-23.536472778589,-46.416495284066,"menos de 5 minutos",metrô/trem,"de 30 minutos a 1 hora","sim, tenho passe livre",sozinha/o,"sim, depois de ir para a escola","calçadas com buracos ou obstáculos","desconforto no veículo (lotação, falta de assentos, muito quente, balança muito, corre muito)",regular,regular,"de ser assaltado","isso não afetou o meu acesso",moto,"nem difícil e nem fácil",não,,raramente,regular,sim,"professores ruins, falta material escolar, falta de equipamentos, sujeira, merenda ruim ou insuficiente, indisciplina dos alunos, falta de professores, a distância de casa até a escola é muito grande, ensino ruim",não,,nenhum,"computador, smartphone","ENEM, Fuvest (USP)","biblioteca, cinema, circo, teatro ou stand-up, festa folclórica ou típica (ex.: carnaval, festa junina, etc.), batalhas de rap ou slam","não fui","namorada/o, mãe/pai",NA
28,"Pesquisa Mobilidade - E.E. Oswaldo Catalano",draft,"2023-12-05 11:19:53",,"2023-12-05 11:19:53",,,,,,"E.E. Oswaldo Catalano","dois anos",17,homem,branca,"2º ano do Ensino Médio","matutino (manhã)","todo em escola pública",6,2,"até 1 SM - até R$ 1.320,00.",2,2,,"ensino fundamental completo","grupo 2","ensino fundamental completo","não possui ocupação / desempregada(o)",pobre,,,,-23.542331,-46.4157007,"de 5 a 10 minutos","a pé, metrô/trem","de 21 a 30 minutos","sim, pago meia tarifa",sozinha/o,não,"não encontro problemas, muita gente, lixo na rua ou nas calçadas, poucas árvores","desconforto no veículo (lotação, falta de assentos, muito quente, balança muito, corre muito)",regular,regular,"não sinto medo no meu caminho","não senti medo",bicicleta,"nem difícil e nem fácil","já repeti de ano",Não,"às vezes",regular,não,"falta de equipamentos, merenda ruim ou insuficiente, falta de eventos ou atividades culturais",não,,"computador, tablet, smartphone",smartphone,"não sei","biblioteca, museu, exposição ou galeria de arte, teatro ou stand-up, festa folclórica ou típica (ex.: carnaval, festa junina, etc.), sarau",biblioteca,"sozinha/o, amiga/o, vizinha/o, outras pessoas",Não
29,"Pesquisa Mobilidade - E.E. Oswaldo Catalano",draft,"2023-12-05 11:20:35",,"2023-12-05 11:20:35",,,,,,"E.E. Oswaldo Catalano","dois anos",17,homem,preta,"2º ano do Ensino Médio","matutino (manhã)","maior parte em escola particular",3,2,"acima de 3 SM até 5 SM - de R$ 3.960,01 até R$ 6.600,00.",,1,1,"ensino superior completo","grupo 2","ensino médio completo","grupo 3","classe média baixa",1,,,-23.5417667,-46.4481313,"de 5 a 10 minutos",metrô/trem,"de 21 a 30 minutos","sim, tenho passe livre",sozinha/o,não,"lixo na rua ou nas calçadas, calçadas com buracos ou obstáculos","desconforto no veículo (lotação, falta de assentos, muito quente, balança muito, corre muito), assédio no veículo",bom,regular,"de ser assaltado, de ser perseguido, de sofrer assédio (assobios, assédio verbal ou físico), de ser parado por policiais ou agentes de segurança","isso não afetou o meu acesso",carro,"nem difícil e nem fácil",não,"nunca fiquei retido.","às vezes",boa,não,outro,não,,"computador, smartphone","computador, smartphone","ENEM, Fuvest (USP), Vunesp (UNESP), para uma faculdade particular","biblioteca, cinema, museu, exposição ou galeria de arte, show de música ou concerto, festa folclórica ou típica (ex.: carnaval, festa junina, etc.), feiras de artesanato, antiguidades","museu, exposição ou galeria de arte","sozinha/o, amiga/o, outros familiares",NA
30,"Pesquisa Mobilidade - E.E. Oswaldo Catalano",draft,"2023-12-05 11:21:08",,"2023-12-05 11:21:08",,,,,,"E.E. Oswaldo Catalano","dois anos",16,mulher,parda,"2º ano do Ensino Médio","matutino (manhã)","maior parte em escola pública",5,2,"até 1 SM - até R$ 1.320,00.",2,1,1,"ensino médio completo","grupo 4","ensino médio completo","grupo 4",pobre,1,1,2,-23.509651763818,-46.443285942078,"de 5 a 10 minutos","ônibus, metrô/trem","de 30 minutos a 1 hora","sim, tenho passe livre",sozinha/o,não,"muito trânsito, muita gente, poucas calçadas, calçadas estreitas, lixo na rua ou nas calçadas, calçadas com buracos ou obstáculos, lugares difíceis de atravessar, pouca iluminação, muros altos e fechados, outros problemas","espero muito no ponto/estação, demora muito para chegar na escola, passagem cara, muito trânsito, desconforto no veículo (lotação, falta de assentos, muito quente, balança muito, corre muito), comportamento incômodo de outros passageiros, assédio no veículo, outros problemas",péssimo,ruim,"de ser assaltado, de ser perseguido, de sofrer assédio (assobios, assédio verbal ou físico)","já alterei o meu caminho para a escola",carro,"nem difícil e nem fácil",não,,"às vezes",regular,não,"professores ruins, falta de equipamentos, merenda ruim ou insuficiente, falta de eventos ou atividades culturais, ensino ruim",não,,smartphone,smartphone,"ENEM, Fuvest (USP), Vunesp (UNESP), COMVEST (UNICAMP)","biblioteca, cinema, circo, museu, exposição ou galeria de arte, teatro ou stand-up, espetáculo ou apresentação de dança, show de música ou concerto, sarau",biblioteca,amiga/o,NA
31,"Pesquisa Mobilidade - E.E. Oswaldo Catalano",draft,"2023-12-05 11:21:38",,"2023-12-05 11:21:38",,,,,,"E.E. Oswaldo Catalano","menos de um ano",17,mulher,preta,"2º ano do Ensino Médio","matutino (manhã)","maior parte em escola particular",3,1,"acima de 5 SM até 7 SM - de R$ 6.600,01 até R$ 9.240,00.",1,1,,"pós-graduação completa","grupo 4","ensino superior completo","grupo 4","classe média baixa",1,1,3,-23.5491883,-46.4443558,"menos de 5 minutos",metrô/trem,"de 30 minutos a 1 hora","sim, tenho passe livre","sozinha/o, amiga/o",não,"calçadas com buracos ou obstáculos","demora muito para chegar na escola, passagem cara, muito trânsito, desconforto no veículo (lotação, falta de assentos, muito quente, balança muito, corre muito), comportamento incômodo de outros passageiros",regular,regular,"de ser atropelado, de cair, de me perder no caminho, de ser assaltado, de ser perseguido, de sofrer assédio (assobios, assédio verbal ou físico), de ser parado por policiais ou agentes de segurança","já alterei o meu caminho para a escola",carro,"no geral, acho fácil","peguei recuperação em um ano","mudou a minha cabeça em relação as notas","às vezes",regular,sim,"muitos alunos por classe, falta de professores, a distância de casa até a escola é muito grande, ensino ruim",não,"falta de apoio",smartphone,smartphone,"ENEM, Fuvest (USP), Vunesp (UNESP), COMVEST (UNICAMP), para uma faculdade particular","biblioteca, cinema, circo, museu, exposição ou galeria de arte, teatro ou stand-up, espetáculo ou apresentação de dança, show de música ou concerto, festa folclórica ou típica (ex.: carnaval, festa junina, etc.), batalhas de rap ou slam, feiras de artesanato, antiguidades","museu, exposição ou galeria de arte, show de música ou concerto",amiga/o,não
32,"Pesquisa Mobilidade - E.E. Oswaldo Catalano",draft,"2023-12-05 11:22:55",,"2023-12-05 11:22:55",,,,,,"E.E. Oswaldo Catalano","dois anos",17,mulher,parda,"2º ano do Ensino Médio","matutino (manhã)","todo em escola pública",3,2,"acima de 2 SM até 3 SM - de R$ 2.640,01 até R$ 3.960,00.",,,,"ensino superior completo","grupo 5","ensino médio completo","grupo 2",pobre,1,,,-23.5417667,-46.4481313,"de 5 a 10 minutos","ônibus, metrô/trem","de 21 a 30 minutos","sim, tenho passe livre",sozinha/o,não,"muito trânsito, muita gente, lixo na rua ou nas calçadas, calçadas com buracos ou obstáculos, poucas árvores","espero muito no ponto/estação, demora muito para chegar na escola, passagem cara, muito trânsito, desconforto no veículo (lotação, falta de assentos, muito quente, balança muito, corre muito), comportamento incômodo de outros passageiros, assédio no veículo, outros problemas",ruim,péssimo,"de ser atropelado, de cair, de ser assaltado, de ser perseguido, de sofrer assédio (assobios, assédio verbal ou físico)","já alterei o meu caminho para a escola",carro,"nem difícil e nem fácil",não,,"às vezes",regular,não,"falta material escolar, falta de professores, ensino ruim",não,,nenhum,nenhum,"ENEM, Fuvest (USP), Vunesp (UNESP), COMVEST (UNICAMP)","biblioteca, cinema, circo, museu, exposição ou galeria de arte, teatro ou stand-up, espetáculo ou apresentação de dança, show de música ou concerto, festa folclórica ou típica (ex.: carnaval, festa junina, etc.), sarau, batalhas de rap ou slam, eventos geeks ou feiras gamers, feiras de artesanato, antiguidades","biblioteca, cinema, museu, exposição ou galeria de arte, teatro ou stand-up",amiga/o,NÃO
33,"Pesquisa Mobilidade - E.E. Oswaldo Catalano",draft,"2023-12-05 11:23:02",,"2023-12-05 11:23:02",,,,,,"E.E. Oswaldo Catalano","um ano",16,mulher,branca,"2º ano do Ensino Médio","matutino (manhã)","todo em escola pública",4,2,"acima de 1 SM até 2 SM - de R$ 1.320,01 até R$ 2.640,00.",1,1,1,"ensino superior incompleto","grupo 2","ensino superior incompleto","grupo 2","classe média baixa",,1,1,-1.3048035,36.8473969,"menos de 5 minutos","ônibus, metrô/trem","mais do que 1 hora","sim, tenho passe livre",sozinha/o,não,"pouca gente","demora muito para chegar na escola",ruim,ruim,"de ser atropelado, de me perder no caminho, de ser assaltado, de ser perseguido, de sofrer assédio (assobios, assédio verbal ou físico)","já alterei o meu caminho para a escola",carro,"nem difícil e nem fácil",não,,"às vezes",boa,indiferente,"muitos alunos por classe, bullying, preconceito, pouco tempo na escola, falta material escolar, sujeira, demora para abrir o portão",sim,,computador,smartphone,"não sei",biblioteca,"biblioteca, cinema","não se aplica",NA
34,"Pesquisa Mobilidade - E.E. Oswaldo Catalano",draft,"2023-12-05 11:23:09",,"2023-12-05 11:23:09",,,,,,"E.E. Oswaldo Catalano","dois anos",17,homem,preta,"2º ano do Ensino Médio","matutino (manhã)","todo em escola pública",6,4,"acima de 5 SM até 7 SM - de R$ 6.600,01 até R$ 9.240,00.",3,3,2,"ensino médio completo","grupo 2","ensino médio completo","não sei / prefiro não responder",pobre,1,,,-23.529406591056,-46.396820875616,"menos de 5 minutos","a pé, ônibus, metrô/trem","de 30 minutos a 1 hora","sim, tenho passe livre",sozinha/o,"sim, depois de ir para a escola","muito trânsito, muita gente, pouca gente, muita subida, muita descida, calçadas estreitas, lixo na rua ou nas calçadas, calçadas com buracos ou obstáculos, poucas árvores, outros problemas","espero muito no ponto/estação, demora muito para chegar na escola, muito trânsito, desconforto no veículo (lotação, falta de assentos, muito quente, balança muito, corre muito), comportamento incômodo de outros passageiros, outros problemas",ruim,regular,"de ser atropelado, de ser assaltado, de ser parado por policiais ou agentes de segurança","isso não afetou o meu acesso",carro,"nem difícil e nem fácil",não,"nunca fiquei","às vezes",ruim,sim,"muitos alunos por classe, professores ruins, insegurança dentro da escola, bullying, preconceito, infraestrutura ruim, indisciplina dos alunos, a distância de casa até a escola é muito grande, falta de eventos ou atividades culturais, outro",não,"não tenho",nenhum,smartphone,"ENEM, Fuvest (USP)","biblioteca, cinema, museu, exposição ou galeria de arte, espetáculo ou apresentação de dança, show de música ou concerto, festa folclórica ou típica (ex.: carnaval, festa junina, etc.), sarau, batalhas de rap ou slam, baile funk","batalhas de rap ou slam, baile funk",amiga/o,NA
35,"Pesquisa Mobilidade - E.E. Oswaldo Catalano",draft,"2023-12-05 11:23:26",,"2023-12-05 11:23:26",,,,,,"E.E. Oswaldo Catalano","dois anos",16,mulher,branca,"2º ano do Ensino Médio","matutino (manhã)","todo em escola pública",3,1,"acima de 1 SM até 2 SM - de R$ 1.320,01 até R$ 2.640,00.",,,,"ensino superior completo","grupo 2","ensino médio completo","não possui ocupação / desempregada(o)","classe média baixa",1,,2,-23.5971086,-46.3956994,"menos de 5 minutos","ônibus, metrô/trem","mais do que 1 hora","sim, tenho passe livre",sozinha/o,não,"muita gente, outros problemas","demora muito para chegar na escola, desconforto no veículo (lotação, falta de assentos, muito quente, balança muito, corre muito), comportamento incômodo de outros passageiros",ruim,ruim,"de ser assaltado, de ser perseguido, de sofrer assédio (assobios, assédio verbal ou físico)","já alterei o meu caminho para a escola",carona,"nem difícil e nem fácil",não,,"às vezes",regular,sim,"falta de equipamentos, sujeira, merenda ruim ou insuficiente, falta de professores, a distância de casa até a escola é muito grande, falta de eventos ou atividades culturais",não,,nenhum,smartphone,"para uma faculdade particular","biblioteca, museu, exposição ou galeria de arte","não fui","sozinha/o, mãe/pai",NA
36,"Pesquisa Mobilidade - E.E. Oswaldo Catalano",draft,"2023-12-05 11:24:12",,"2023-12-05 11:24:12",,,,,,"E.E. Oswaldo Catalano","dois anos",17,homem,branca,"2º ano do Ensino Médio","matutino (manhã)","maior parte em escola pública",4,2,"até 1 SM - até R$ 1.320,00.",1,1,,"pós-graduação completa","grupo 4","pós-graduação completa","grupo 5",pobre,,,,-23.50972309123,-46.499649882317,"de 5 a 10 minutos",ônibus,"mais do que 1 hora","sim, tenho passe livre",sozinha/o,não,"muita subida, calçadas com buracos ou obstáculos, outros problemas","demora muito para chegar na escola",péssimo,péssimo,"não sinto medo no meu caminho","não senti medo","não mudaria","no geral, acho fácil",não,"Dificuldades na vida pessoal","às vezes",boa,não,nenhum,não,,smartphone,smartphone,ENEM,"museu, exposição ou galeria de arte","não fui",sozinha/o,NA
37,"Pesquisa Mobilidade - E.E. Oswaldo Catalano",draft,"2023-12-05 11:35:18",,"2023-12-05 11:35:18",,,,,,"E.E. Oswaldo Catalano","menos de um ano",16,mulher,preta,"2º ano do Ensino Médio","matutino (manhã)","todo em escola pública",5,2,"acima de 2 SM até 3 SM - de R$ 2.640,01 até R$ 3.960,00.",2,2,,"ensino superior completo","grupo 4","ensino superior completo","grupo 3","classe média baixa",2,,,-23.560677877355,-46.483443975449,"menos de 5 minutos",metrô/trem,"de 30 minutos a 1 hora","sim, tenho passe livre",sozinha/o,"sim, depois de ir para a escola","muita gente","desconforto no veículo (lotação, falta de assentos, muito quente, balança muito, corre muito)",regular,regular,"de ser atropelado, de ser assaltado, de sofrer assédio (assobios, assédio verbal ou físico)","isso não afetou o meu acesso",carro,"nem difícil e nem fácil",não,,"às vezes",regular,sim,"muitos alunos por classe, preconceito, falta de equipamentos, falta de professores, a distância de casa até a escola é muito grande",não,,smartphone,smartphone,"para uma faculdade particular","cinema, baile funk","cinema, espetáculo ou apresentação de dança, show de música ou concerto, baile funk",irmã/o,NA
38,"Pesquisa Mobilidade - E.E. Oswaldo Catalano",draft,"2023-12-05 11:43:46",,"2023-12-05 11:43:46",,,,,,"E.E. Oswaldo Catalano","três ou mais anos",18,homem,indígena,"2º ano do Ensino Médio","matutino (manhã)","todo em escola pública",6,5,"acima de 1 SM até 2 SM - de R$ 1.320,01 até R$ 2.640,00.",3,3,2,"ensino médio completo","grupo 3","ensino médio completo","grupo 3","classe média baixa",1,,,-23.535056284225,-46.580101975439,"menos de 5 minutos","a pé","de 11 a 20 minutos","não uso transporte público",sozinha/o,"sim, depois de ir para a escola","não encontro problemas","não uso transporte público",bom,bom,"não sinto medo no meu caminho","não senti medo","não mudaria","no geral, acho fácil","já repeti de ano","Caso médico (unha encravada), desconforto imenso ao caminhar.",raramente,boa,sim,"preconceito, sujeira, indisciplina dos alunos",não,,"computador, smartphone",smartphone,"ENEM, Fuvest (USP)","biblioteca, museu, exposição ou galeria de arte","não fui",sozinha/o,"Melhore tudo nessa escola e mais um pouco."
39,"Pesquisa Mobilidade - E.E. Oswaldo Catalano",draft,"2023-12-05 11:53:22",,"2023-12-05 11:53:22",,,,,,"E.E. Oswaldo Catalano","um ano",17,homem,parda,"2º ano do Ensino Médio","matutino (manhã)","todo em escola pública",3,3,"acima de 2 SM até 3 SM - de R$ 2.640,01 até R$ 3.960,00.",1,,1,"ensino superior completo","grupo 2","ensino superior incompleto","grupo 2","classe média alta",1,,,-23.55819615,-46.522686985,"de 21 a 30 minutos","a pé","de 21 a 30 minutos","não uso transporte público",sozinha/o,não,"não encontro problemas","não uso transporte público, não há problemas",ótimo,bom,"não sinto medo no meu caminho","não senti medo",bicicleta,"no geral, acho difícil",não,Professores,"às vezes",ótima,não,"nenhum, preconceito, falta de professores",não,,smartphone,"tablet, smartphone","ENEM, Fuvest (USP)",cinema,cinema,amiga/o,NA
40,"Pesquisa Mobilidade - E.E. Oswaldo Catalano",draft,"2023-12-05 11:54:06",,"2023-12-05 11:54:06",,,,,,"E.E. Oswaldo Catalano","três ou mais anos",18,mulher,parda,"2º ano do Ensino Médio","matutino (manhã)","todo em escola pública",4,2,"acima de 1 SM até 2 SM - de R$ 1.320,01 até R$ 2.640,00.",1,,1,"ensino superior completo","grupo 4","ensino médio completo","grupo 4","classe média baixa",2,,,-23.5647226,-46.4213298,"de 5 a 10 minutos",metrô/trem,"mais do que 1 hora","sim, pago meia tarifa",amiga/o,não,"calçadas estreitas, pouca iluminação","desconforto no veículo (lotação, falta de assentos, muito quente, balança muito, corre muito)",regular,regular,"de ser assaltado","isso não afetou o meu acesso",carro,"nem difícil e nem fácil","já repeti de ano",Sim,"às vezes",ruim,sim,"falta de professores, a distância de casa até a escola é muito grande, ensino ruim",não,,nenhum,smartphone,ENEM,"nunca fui","não fui",amiga/o,NA
41,"Pesquisa Mobilidade - E.E. Oswaldo Catalano",draft,"2023-12-05 11:55:26",,"2023-12-05 11:55:26",,,,,,"E.E. Oswaldo Catalano","menos de um ano",17,homem,parda,"2º ano do Ensino Médio","matutino (manhã)","todo em escola pública",5,2,"acima de 1 SM até 2 SM - de R$ 1.320,01 até R$ 2.640,00.",3,3,1,"ensino médio completo","grupo 2","ensino médio incompleto","não sei / prefiro não responder","classe média baixa",1,,1,-23.572328023859,-46.491753459386,"menos de 5 minutos","carro, ônibus","de 21 a 30 minutos","sim, pago meia tarifa",sozinha/o,"sim, depois de ir para a escola","muito trânsito","espero muito no ponto/estação, demora muito para chegar na escola, muito trânsito",regular,regular,"de ser atropelado, de ser assaltado, de ser perseguido, de sofrer assédio (assobios, assédio verbal ou físico), de ser parado por policiais ou agentes de segurança","isso não afetou o meu acesso",moto,"nem difícil e nem fácil",não,,raramente,regular,indiferente,"professores ruins, insegurança dentro da escola, bullying, preconceito, falta material escolar, falta de equipamentos, infraestrutura ruim, merenda ruim ou insuficiente, indisciplina dos alunos, falta de professores, falta de eventos ou atividades culturais, ensino ruim",não,,nenhum,smartphone,"ENEM, Fuvest (USP), Vunesp (UNESP), COMVEST (UNICAMP), para uma faculdade particular","cinema, circo, museu, exposição ou galeria de arte, batalhas de rap ou slam, eventos geeks ou feiras gamers, feiras de artesanato, antiguidades","eventos geeks ou feiras gamers","irmã/o, amiga/o, mãe/pai",NA
42,"Pesquisa Mobilidade - E.E. Oswaldo Catalano",draft,"2023-12-05 11:56:26",,"2023-12-05 11:56:26",,,,,,"E.E. Oswaldo Catalano","menos de um ano",16,mulher,branca,"2º ano do Ensino Médio","matutino (manhã)","todo em escola particular",5,2,"não sei / prefiro não responder",2,2,,"ensino médio incompleto","grupo 4","não possuo responsável","não possuo responsável",pobre,1,,,-23.4847427,-46.429223,"de 11 a 20 minutos",ônibus,"mais do que 1 hora","não uso bilhete único, mas uso transporte público",sozinha/o,"sim, depois de ir para a escola","calçadas estreitas, lixo na rua ou nas calçadas, calçadas com buracos ou obstáculos, lugares difíceis de atravessar, outros problemas","espero muito no ponto/estação, demora muito para chegar na escola, passagem cara, muito trânsito, desconforto no veículo (lotação, falta de assentos, muito quente, balança muito, corre muito), comportamento incômodo de outros passageiros, assédio no veículo, outros problemas",péssimo,péssimo,"de ser assaltado, de ser perseguido, de sofrer assédio (assobios, assédio verbal ou físico), outros","deixei de ir para escola",carro,"no geral, acho fácil",não,,bastante,boa,não,"falta material escolar, falta de equipamentos, sujeira, merenda ruim ou insuficiente, indisciplina dos alunos, falta de professores, falta transporte escolar, a distância de casa até a escola é muito grande, outro",não,,"smartphone, nenhum",smartphone,"ENEM, Fuvest (USP), Vunesp (UNESP), COMVEST (UNICAMP), outros","cinema, circo, museu, exposição ou galeria de arte, teatro ou stand-up, espetáculo ou apresentação de dança, show de música ou concerto, festa folclórica ou típica (ex.: carnaval, festa junina, etc.)","espetáculo ou apresentação de dança, show de música ou concerto",amiga/o,NA
43,"Pesquisa Mobilidade - E.E. Oswaldo Catalano",draft,"2023-12-05 11:56:29",,"2023-12-05 11:56:29",,,,,,"E.E. Oswaldo Catalano","dois anos",17,homem,branca,"2º ano do Ensino Médio","diurno integral (manhã e tarde)","maior parte em escola pública",4,2,"acima de 10 SM até 15 SM – de R$ 13.200,01 até R$ 19.800,00.",1,1,,"pós-graduação completa","grupo 5","pós-graduação completa","grupo 4","classe média alta",1,,2,-23.5378874,-46.5642624,"de 5 a 10 minutos",carona,"menos de 10 minutos","sim, tenho passe livre",sozinha/o,não,"não encontro problemas","não uso transporte público",ótimo,ótimo,"não sinto medo no meu caminho","não senti medo","não mudaria","no geral, acho fácil",não,,raramente,regular,sim,"falta de equipamentos, merenda ruim ou insuficiente, indisciplina dos alunos",não,,nenhum,smartphone,"ENEM, Fuvest (USP), para uma faculdade particular","biblioteca, cinema, circo, museu, exposição ou galeria de arte, teatro ou stand-up, espetáculo ou apresentação de dança, show de música ou concerto","biblioteca, cinema, teatro ou stand-up","sozinha/o, amiga/o, namorada/o, mãe/pai",NA
44,"Pesquisa Mobilidade - E.E. Oswaldo Catalano",draft,"2023-12-05 11:57:00",,"2023-12-05 11:57:00",,,,,,"E.E. Oswaldo Catalano","dois anos",17,mulher,parda,"2º ano do Ensino Médio","matutino (manhã)","todo em escola pública",2,1,"acima de 1 SM até 2 SM - de R$ 1.320,01 até R$ 2.640,00.",,,3,"ensino fundamental incompleto","grupo 4","ensino fundamental completo","não possui ocupação / desempregada(o)",pobre,1,,,-23.5157403,-46.1850496,"mais do que 30 minutos",metrô/trem,"de 30 minutos a 1 hora","sim, tenho passe livre",sozinha/o,não,"calçadas com buracos ou obstáculos","desconforto no veículo (lotação, falta de assentos, muito quente, balança muito, corre muito)",regular,regular,"de ser assaltado, de ser perseguido","isso não afetou o meu acesso",carro,"nem difícil e nem fácil",não,Não,"às vezes",ruim,sim,"insegurança dentro da escola, falta de equipamentos, ensino ruim",não,,smartphone,smartphone,"Fuvest (USP)","biblioteca, cinema, museu, exposição ou galeria de arte, baile funk","não fui",amiga/o,NA
46,"Pesquisa Mobilidade - E.E. Oswaldo Catalano",draft,"2023-12-05 11:57:10",,"2023-12-05 11:57:10",,,,,,"E.E. Oswaldo Catalano","um ano",17,mulher,branca,"2º ano do Ensino Médio","matutino (manhã)","todo em escola pública",4,1,"acima de 2 SM até 3 SM - de R$ 2.640,01 até R$ 3.960,00.",1,1,1,"ensino médio completo","grupo 2","ensino médio completo","grupo 3","classe média baixa",,,,-23.5054227,-46.389234,"menos de 5 minutos","ônibus, metrô/trem","mais do que 1 hora","sim, tenho passe livre","sozinha/o, mãe/pai",não,"pouca gente, lixo na rua ou nas calçadas","espero muito no ponto/estação, demora muito para chegar na escola, muito trânsito, desconforto no veículo (lotação, falta de assentos, muito quente, balança muito, corre muito)",bom,regular,"de ser atropelado, de cair, de ser assaltado, de ser perseguido, de sofrer assédio (assobios, assédio verbal ou físico)","já alterei o meu caminho para a escola",carro,"nem difícil e nem fácil",não,"Não reprovei",bastante,boa,sim,"falta de equipamentos, indisciplina dos alunos, a distância de casa até a escola é muito grande",não,,"computador, smartphone","computador, smartphone","ENEM, Fuvest (USP)","biblioteca, cinema",cinema,"sozinha/o, amiga/o",NA
47,"Pesquisa Mobilidade - E.E. Oswaldo Catalano",draft,"2023-12-05 11:59:08",,"2023-12-05 11:59:08",,,,,,"E.E. Oswaldo Catalano","dois anos",16,homem,branca,"2º ano do Ensino Médio","matutino (manhã)","maior parte em escola particular",6,2,"acima de 1 SM até 2 SM - de R$ 1.320,01 até R$ 2.640,00.",,2,1,"ensino médio completo","não sei / prefiro não responder","ensino médio completo","não sei / prefiro não responder","classe média baixa",1,,2,-23.5360799,-46.4555099,"menos de 5 minutos","ônibus, metrô/trem","de 30 minutos a 1 hora","sim, tenho passe livre",sozinha/o,não,"não encontro problemas","espero muito no ponto/estação, demora muito para chegar na escola, desconforto no veículo (lotação, falta de assentos, muito quente, balança muito, corre muito)",regular,bom,"não sinto medo no meu caminho","não senti medo",táxi/uber,"nem difícil e nem fácil",não,,"às vezes",ruim,sim,"a distância de casa até a escola é muito grande",não,,nenhum,"computador, smartphone","não sei","cinema, circo, teatro ou stand-up, espetáculo ou apresentação de dança, festa folclórica ou típica (ex.: carnaval, festa junina, etc.), baile funk","espetáculo ou apresentação de dança, baile funk",mãe/pai,NA
48,"Pesquisa Mobilidade - E.E. Oswaldo Catalano",draft,"2023-12-05 11:59:12",,"2023-12-05 11:59:12",,,,,,"E.E. Oswaldo Catalano","um ano",16,mulher,parda,"2º ano do Ensino Médio","matutino (manhã)","todo em escola pública",2,1,"acima de 3 SM até 5 SM - de R$ 3.960,01 até R$ 6.600,00.",,,,"ensino superior completo","não possui ocupação / desempregada(o)","não possuo responsável","não possuo responsável","classe média alta",1,,,-23.513093779684,-46.521526489417,"menos de 5 minutos","ônibus, metrô/trem","de 30 minutos a 1 hora","sim, tenho passe livre",namorada/o,não,"muita gente","comportamento incômodo de outros passageiros",bom,bom,"de sofrer assédio (assobios, assédio verbal ou físico)","isso não afetou o meu acesso",carro,"nem difícil e nem fácil",não,,"às vezes",regular,sim,"sujeira, merenda ruim ou insuficiente",não,,smartphone,"computador, smartphone",ENEM,"museu, exposição ou galeria de arte, festa folclórica ou típica (ex.: carnaval, festa junina, etc.), feiras de artesanato, antiguidades","cinema, museu, exposição ou galeria de arte",namorada/o,NA
49,"Pesquisa Mobilidade - E.E. Oswaldo Catalano",draft,"2023-12-05 12:00:35",,"2023-12-05 12:00:35",,,,,,"E.E. Oswaldo Catalano","menos de um ano",17,mulher,preta,"2º ano do Ensino Médio","matutino (manhã)","todo em escola pública",4,3,"acima de 3 SM até 5 SM - de R$ 3.960,01 até R$ 6.600,00.",2,1,1,"ensino médio completo","grupo 2","ensino fundamental incompleto","grupo 2",pobre,1,,2,-23.517795137037,-46.432639181673,"de 5 a 10 minutos",ônibus,"mais do que 1 hora","sim, tenho passe livre",sozinha/o,"sim, antes de ir para a escola","muita subida, lixo na rua ou nas calçadas","demora muito para chegar na escola, passagem cara, muito trânsito, desconforto no veículo (lotação, falta de assentos, muito quente, balança muito, corre muito)",bom,regular,"de ser assaltado, de sofrer assédio (assobios, assédio verbal ou físico)","já alterei o meu caminho para a escola",carro,"nem difícil e nem fácil",não,,bastante,regular,sim,"insegurança dentro da escola, bullying, falta material escolar, falta de equipamentos, infraestrutura ruim, merenda ruim ou insuficiente, falta de professores, a distância de casa até a escola é muito grande, falta de eventos ou atividades culturais",não,,computador,"tablet, smartphone",ENEM,"biblioteca, cinema, circo, museu, exposição ou galeria de arte, show de música ou concerto, batalhas de rap ou slam","biblioteca, cinema","irmã/o, amiga/o, mãe/pai",NA
50,"Pesquisa Mobilidade - E.E. Oswaldo Catalano",draft,"2023-12-05 12:00:47",,"2023-12-05 12:00:47",,,,,,"E.E. Oswaldo Catalano","dois anos",17,homem,branca,"2º ano do Ensino Médio","matutino (manhã)","todo em escola particular",3,2,"acima de 3 SM até 5 SM - de R$ 3.960,01 até R$ 6.600,00.",,,,"pós-graduação completa","grupo 4","ensino médio completo","não possui ocupação / desempregada(o)",pobre,1,,,-23.5360799,-46.4555099,"de 11 a 20 minutos","ônibus, metrô/trem","de 30 minutos a 1 hora","sim, tenho passe livre","sozinha/o, namorada/o","sim, depois de ir para a escola","muita gente","o ponto/estação é muito distante, demora muito para chegar na escola, desconforto no veículo (lotação, falta de assentos, muito quente, balança muito, corre muito), comportamento incômodo de outros passageiros, outros problemas",ruim,bom,"não sinto medo no meu caminho","não senti medo",carro,"no geral, acho fácil",não,,"às vezes",regular,sim,"falta de equipamentos, a distância de casa até a escola é muito grande, falta de eventos ou atividades culturais",não,,smartphone,"computador, smartphone",ENEM,"biblioteca, cinema, circo, museu, exposição ou galeria de arte, teatro ou stand-up, espetáculo ou apresentação de dança, show de música ou concerto, festa folclórica ou típica (ex.: carnaval, festa junina, etc.)","museu, exposição ou galeria de arte","amiga/o, namorada/o, mãe/pai, outros familiares",NA
51,"Pesquisa Mobilidade - E.E. Oswaldo Catalano",draft,"2023-12-05 12:01:44",,"2023-12-05 12:01:44",,,,,,"E.E. Oswaldo Catalano","dois anos",17,mulher,branca,"2º ano do Ensino Médio","matutino (manhã)","maior parte em escola pública",2,1,"acima de 3 SM até 5 SM - de R$ 3.960,01 até R$ 6.600,00.",,,,"ensino superior incompleto","grupo 4","ensino superior incompleto","grupo 3",pobre,2,,1,-23.555880978233,-46.411647991094,"de 5 a 10 minutos","ônibus, metrô/trem","de 30 minutos a 1 hora","sim, tenho passe livre",sozinha/o,não,"não encontro problemas","espero muito no ponto/estação, demora muito para chegar na escola, desconforto no veículo (lotação, falta de assentos, muito quente, balança muito, corre muito)",regular,bom,"não sinto medo no meu caminho","não senti medo",carro,"no geral, acho fácil",não,,"às vezes",boa,sim,"muitos alunos por classe, merenda ruim ou insuficiente, indisciplina dos alunos",não,,smartphone,"computador, smartphone","ENEM, Fuvest (USP), Vunesp (UNESP)","biblioteca, cinema, museu, exposição ou galeria de arte, teatro ou stand-up, eventos geeks ou feiras gamers","não fui",amiga/o,NA
52,"Pesquisa Mobilidade - E.E. Oswaldo Catalano",draft,"2023-12-05 12:02:44",,"2023-12-05 12:02:44",,,,,,"E.E. Oswaldo Catalano","dois anos",16,mulher,branca,"2º ano do Ensino Médio","matutino (manhã)","todo em escola particular",4,3,"acima de 5 SM até 7 SM - de R$ 6.600,01 até R$ 9.240,00.",1,1,1,"ensino superior completo","grupo 5","ensino fundamental completo","grupo 3","classe média baixa",2,1,4,-23.554260741367,-46.483395695686,"menos de 5 minutos","ônibus, metrô/trem","de 21 a 30 minutos","sim, tenho passe livre","irmã/o, amiga/o, namorada/o, mãe/pai",não,"muito trânsito, pouca gente, poucas calçadas, calçadas estreitas, calçadas com buracos ou obstáculos, pouca iluminação","espero muito no ponto/estação, demora muito para chegar na escola, muito trânsito, desconforto no veículo (lotação, falta de assentos, muito quente, balança muito, corre muito), assédio no veículo",regular,bom,"de ser assaltado, de sofrer assédio (assobios, assédio verbal ou físico)","isso não afetou o meu acesso",carro,"nem difícil e nem fácil",não,,raramente,boa,não,"indisciplina dos alunos, demora para abrir o portão, falta de professores",não,,"computador, tablet, smartphone","computador, tablet, smartphone","ENEM, para uma faculdade particular","biblioteca, cinema, circo, museu, exposição ou galeria de arte, teatro ou stand-up, espetáculo ou apresentação de dança, show de música ou concerto, eventos geeks ou feiras gamers, feiras de artesanato, antiguidades","biblioteca, cinema, show de música ou concerto, feiras de artesanato, antiguidades","irmã/o, namorada/o, mãe/pai",NA
53,"Pesquisa Mobilidade - E.E. Oswaldo Catalano",draft,"2023-12-05 12:03:39",,"2023-12-05 12:03:39",,,,,,"E.E. Oswaldo Catalano","dois anos",17,homem,branca,"2º ano do Ensino Médio","matutino (manhã)","todo em escola pública",3,3,"acima de 1 SM até 2 SM - de R$ 1.320,01 até R$ 2.640,00.",,1,1,"ensino superior incompleto","grupo 2","ensino fundamental incompleto","grupo 2","classe média alta",1,,,-23.541621353242,-46.574337658894,"menos de 5 minutos","a pé","menos de 10 minutos","não uso bilhete único, mas uso transporte público",sozinha/o,"sim, depois de ir para a escola","muita subida","passagem cara",ótimo,bom,"não sinto medo no meu caminho","não senti medo","não mudaria","no geral, acho difícil","já repeti de ano","Reprovei por falta na pandemia","às vezes",regular,sim,"professores ruins, falta de equipamentos, sujeira, merenda ruim ou insuficiente, falta de professores, falta de eventos ou atividades culturais",não,,smartphone,smartphone,"não sei","cinema, circo, show de música ou concerto, baile funk","baile funk",amiga/o,NA
54,"Pesquisa Mobilidade - E.E. Oswaldo Catalano",draft,"2023-12-05 12:04:32",,"2023-12-05 12:04:32",,,,,,"E.E. Oswaldo Catalano","dois anos",17,mulher,preta,"2º ano do Ensino Médio","matutino (manhã)","todo em escola pública",2,1,"até 1 SM - até R$ 1.320,00.",,1,1,"ensino médio completo","grupo 2","não possuo responsável","não possuo responsável","classe média baixa",,,,-23.5824973,-46.4092065,"de 5 a 10 minutos","a pé, ônibus, metrô/trem","mais do que 1 hora","sim, tenho passe livre",sozinha/o,não,"muita gente, muita descida, lixo na rua ou nas calçadas, calçadas com buracos ou obstáculos, lugares difíceis de atravessar, poucas árvores, pouca iluminação","o ponto/estação é muito distante, espero muito no ponto/estação, demora muito para chegar na escola, muito trânsito, desconforto no veículo (lotação, falta de assentos, muito quente, balança muito, corre muito), comportamento incômodo de outros passageiros, assédio no veículo",péssimo,ruim,"de ser atropelado, de ser assaltado, de ser perseguido, de sofrer assédio (assobios, assédio verbal ou físico)","isso não afetou o meu acesso",carro,"nem difícil e nem fácil",não,,"às vezes",ruim,sim,"muitos alunos por classe, sujeira, merenda ruim ou insuficiente, demora para abrir o portão, a distância de casa até a escola é muito grande",não,,smartphone,smartphone,"ENEM, Fuvest (USP)","biblioteca, cinema, circo, museu, exposição ou galeria de arte, teatro ou stand-up, espetáculo ou apresentação de dança, festa folclórica ou típica (ex.: carnaval, festa junina, etc.), batalhas de rap ou slam, feiras de artesanato, antiguidades","cinema, museu, exposição ou galeria de arte","amiga/o, namorada/o, mãe/pai",NA
55,"Pesquisa Mobilidade - E.E. Oswaldo Catalano",draft,"2023-12-05 12:05:04",,"2023-12-05 12:05:04",,,,,,"E.E. Oswaldo Catalano","dois anos",18,mulher,parda,"2º ano do Ensino Médio","matutino (manhã)","todo em escola pública",3,1,"acima de 1 SM até 2 SM - de R$ 1.320,01 até R$ 2.640,00.",1,1,,"ensino médio incompleto","grupo 2","não sei","grupo 2","classe média baixa",,,,-23.5263441,-46.5959152,"de 5 a 10 minutos",ônibus,"de 11 a 20 minutos","sim, tenho passe livre","outros familiares",não,"outros problemas","não há problemas",ótimo,bom,"de me perder no caminho, de ser assaltado, de ser perseguido, de sofrer assédio (assobios, assédio verbal ou físico)","não senti medo","não mudaria","nem difícil e nem fácil",não,,"às vezes",regular,não,"insegurança dentro da escola, bullying, preconceito, falta de equipamentos",não,,"computador, smartphone",smartphone,"não sei","biblioteca, museu, exposição ou galeria de arte","museu, exposição ou galeria de arte",amiga/o,NAO
56,"Pesquisa Mobilidade - E.E. Oswaldo Catalano",draft,"2023-12-05 12:05:49",,"2023-12-05 12:05:49",,,,,,"E.E. Oswaldo Catalano","dois anos",17,mulher,preta,"2º ano do Ensino Médio","matutino (manhã)","todo em escola particular",3,1,"até 1 SM - até R$ 1.320,00.",,,,"ensino superior completo","grupo 4","ensino médio completo","grupo 3","classe média baixa",,,,-23.586761168486,-46.448864936829,"menos de 5 minutos","a pé, ônibus, metrô/trem","de 30 minutos a 1 hora","sim, tenho passe livre",sozinha/o,não,"muito trânsito, muita gente, muita subida, muita descida, calçadas estreitas, lixo na rua ou nas calçadas, calçadas com buracos ou obstáculos, lugares difíceis de atravessar, poucas árvores","espero muito no ponto/estação, muito trânsito, desconforto no veículo (lotação, falta de assentos, muito quente, balança muito, corre muito), assédio no veículo, outros problemas",péssimo,ruim,"de ser atropelado, de ser assaltado, de ser perseguido, de sofrer assédio (assobios, assédio verbal ou físico)","isso não afetou o meu acesso",carro,"nem difícil e nem fácil",não,,raramente,regular,indiferente,"sujeira, merenda ruim ou insuficiente, demora para abrir o portão, a distância de casa até a escola é muito grande",não,,smartphone,smartphone,"ENEM, Fuvest (USP), para uma faculdade particular","biblioteca, cinema, circo, museu, exposição ou galeria de arte, teatro ou stand-up, espetáculo ou apresentação de dança, show de música ou concerto, festa folclórica ou típica (ex.: carnaval, festa junina, etc.), batalhas de rap ou slam, feiras de artesanato, antiguidades","festa folclórica ou típica (ex.: carnaval, festa junina, etc.), batalhas de rap ou slam, feiras de artesanato, antiguidades","amiga/o, namorada/o, mãe/pai",NA
57,"Pesquisa Mobilidade - E.E. Oswaldo Catalano",draft,"2023-12-05 12:09:03",,"2023-12-05 12:09:03",,,,,,"E.E. Oswaldo Catalano","três ou mais anos",17,mulher,preta,"2º ano do Ensino Médio","matutino (manhã)","todo em escola pública",5,4,"não sei / prefiro não responder",2,2,2,"pós-graduação completa","não sei / prefiro não responder","ensino médio completo","não sei / prefiro não responder","classe média baixa",1,,,-23.5717227,-46.4812828,"menos de 5 minutos","ônibus, metrô/trem","mais do que 1 hora","sim, pago meia tarifa","irmã/o, amiga/o","sim, depois de ir para a escola","lixo na rua ou nas calçadas, calçadas com buracos ou obstáculos","desconforto no veículo (lotação, falta de assentos, muito quente, balança muito, corre muito)",ruim,ruim,"de ser assaltado, de sofrer assédio (assobios, assédio verbal ou físico)","isso não afetou o meu acesso","van particular","no geral, acho difícil",não,"N reprovei","às vezes",regular,sim,"bullying, preconceito, a distância de casa até a escola é muito grande",não,,nenhum,smartphone,"não pretendo prestar","biblioteca, cinema, espetáculo ou apresentação de dança",cinema,"amiga/o, namorada/o",NA
59,"Pesquisa Mobilidade - E.E. Oswaldo Catalano",draft,"2023-12-05 12:11:13",,"2023-12-05 12:11:13",,,,,,"E.E. Oswaldo Catalano","dois anos",17,mulher,parda,"2º ano do Ensino Médio","matutino (manhã)","todo em escola pública",3,1,"não sei / prefiro não responder",,,,"ensino médio completo","grupo 4","ensino fundamental completo","grupo 3",pobre,1,,,-23.583157033716,-46.407872095784,"de 11 a 20 minutos","ônibus, metrô/trem","mais do que 1 hora","sim, tenho passe livre","sozinha/o, amiga/o","sim, depois de ir para a escola","muita subida","o ponto/estação é muito distante, espero muito no ponto/estação, demora muito para chegar na escola, muito trânsito, desconforto no veículo (lotação, falta de assentos, muito quente, balança muito, corre muito)",ruim,ruim,"de ser atropelado, de cair, de me perder no caminho, de ser assaltado, de sofrer assédio (assobios, assédio verbal ou físico)","isso não afetou o meu acesso",carro,"nem difícil e nem fácil",não,,"às vezes",boa,não,"falta material escolar, falta de equipamentos, infraestrutura ruim, merenda ruim ou insuficiente, a distância de casa até a escola é muito grande",não,,smartphone,"computador, smartphone","ENEM, Fuvest (USP), para uma faculdade particular","biblioteca, cinema, circo, museu, exposição ou galeria de arte, teatro ou stand-up, espetáculo ou apresentação de dança, show de música ou concerto, festa folclórica ou típica (ex.: carnaval, festa junina, etc.), batalhas de rap ou slam, baile funk, feiras de artesanato, antiguidades","museu, exposição ou galeria de arte, show de música ou concerto, baile funk","amiga/o, mãe/pai, outros familiares",NA
60,"Pesquisa Mobilidade - E.E. Oswaldo Catalano",draft,"2023-12-05 12:12:07",,"2023-12-05 12:12:07",,,,,,"E.E. Oswaldo Catalano","menos de um ano",17,homem,parda,"2º ano do Ensino Médio","matutino (manhã)","todo em escola pública",4,3,"acima de 2 SM até 3 SM - de R$ 2.640,01 até R$ 3.960,00.",1,1,1,"não sei","grupo 4","ensino superior completo","grupo 4","classe média baixa",,,,-23.554501696963,-46.401438117027,"menos de 5 minutos",ônibus,"de 30 minutos a 1 hora","sim, tenho passe livre",sozinha/o,não,"muita gente","muito trânsito",bom,regular,"não sinto medo no meu caminho","não senti medo",bicicleta,"nem difícil e nem fácil",não,"Não nunca fiquei","às vezes",regular,indiferente,"merenda ruim ou insuficiente, falta de professores, a distância de casa até a escola é muito grande",não,,smartphone,"computador, tablet, smartphone","para uma faculdade particular",cinema,"não fui","sozinha/o, irmã/o, mãe/pai, outros familiares",NA
61,"Pesquisa Mobilidade - E.E. Oswaldo Catalano",draft,"2023-12-05 12:12:47",,"2023-12-05 12:12:47",,,,,,"E.E. Oswaldo Catalano","dois anos",17,mulher,parda,"2º ano do Ensino Médio","matutino (manhã)","todo em escola pública",5,3,"não sei / prefiro não responder",2,1,1,"ensino médio completo","grupo 2","ensino fundamental completo","grupo 2","classe média baixa",1,,,-23.542331,-46.4157007,"de 5 a 10 minutos","a pé, ônibus, metrô/trem","de 30 minutos a 1 hora","sim, tenho passe livre",sozinha/o,não,"pouca gente","espero muito no ponto/estação, demora muito para chegar na escola, muito trânsito, desconforto no veículo (lotação, falta de assentos, muito quente, balança muito, corre muito), comportamento incômodo de outros passageiros, assédio no veículo",ruim,ruim,"de ser atropelado, de cair, de ser assaltado, de ser perseguido, de sofrer assédio (assobios, assédio verbal ou físico)","isso não afetou o meu acesso",táxi/uber,"no geral, acho difícil",não,,raramente,regular,sim,"muitos alunos por classe, professores ruins, bullying, preconceito, falta material escolar, infraestrutura ruim, sujeira, merenda ruim ou insuficiente, demora para abrir o portão, falta de professores, a distância de casa até a escola é muito grande, ensino ruim",não,,smartphone,smartphone,"ENEM, Fuvest (USP), Vunesp (UNESP), COMVEST (UNICAMP)","biblioteca, cinema, show de música ou concerto, batalhas de rap ou slam","não fui","irmã/o, amiga/o, namorada/o",NA
62,"Pesquisa Mobilidade - E.E. Oswaldo Catalano",draft,"2023-12-05 12:33:23",,"2023-12-05 12:33:23",,,,,,"E.E. Oswaldo Catalano","dois anos",17,homem,parda,"2º ano do Ensino Médio","matutino (manhã)","em outra situação",3,2,"acima de 1 SM até 2 SM - de R$ 1.320,01 até R$ 2.640,00.",,,,"pós-graduação completa","grupo 5","ensino médio completo","grupo 2","classe média baixa",,,,-23.541399,-46.574175,"de 5 a 10 minutos","a pé","de 11 a 20 minutos","sim, pago meia tarifa",sozinha/o,não,"não encontro problemas","não há problemas",regular,bom,"de ser assaltado","não senti medo",carro,"nem difícil e nem fácil",não,,raramente,ruim,sim,"professores ruins, infraestrutura ruim, sujeira, merenda ruim ou insuficiente, indisciplina dos alunos, falta de professores, ensino ruim",não,,smartphone,smartphone,"não sei","biblioteca, cinema, museu, exposição ou galeria de arte, teatro ou stand-up, espetáculo ou apresentação de dança, show de música ou concerto, festa folclórica ou típica (ex.: carnaval, festa junina, etc.), sarau, batalhas de rap ou slam, eventos geeks ou feiras gamers","biblioteca, museu, exposição ou galeria de arte, teatro ou stand-up, espetáculo ou apresentação de dança, show de música ou concerto, batalhas de rap ou slam",amiga/o,NA
63,"Pesquisa Mobilidade - E.E. Oswaldo Catalano",draft,"2023-12-05 12:37:31",,"2023-12-05 12:37:31",,,,,,"E.E. Oswaldo Catalano","um ano",17,homem,branca,"2º ano do Ensino Médio","matutino (manhã)","todo em escola pública",5,2,"acima de 3 SM até 5 SM - de R$ 3.960,01 até R$ 6.600,00.",2,2,1,"ensino médio completo","grupo 5","ensino médio completo","grupo 2","classe média baixa",,,,-23.5385247,-46.5794346,"menos de 5 minutos",ônibus,"mais do que 1 hora","sim, pago meia tarifa",sozinha/o,não,"muito trânsito","demora muito para chegar na escola",regular,regular,"não sinto medo no meu caminho","não senti medo",carro,"nem difícil e nem fácil",não,,"às vezes",boa,sim,"indisciplina dos alunos, a distância de casa até a escola é muito grande, falta de eventos ou atividades culturais",não,,smartphone,smartphone,ENEM,"cinema, museu, exposição ou galeria de arte, festa folclórica ou típica (ex.: carnaval, festa junina, etc.)",cinema,"outras pessoas",NAO
64,"Pesquisa Mobilidade - E.E. Oswaldo Catalano",draft,"2023-12-05 12:38:37",,"2023-12-05 12:38:37",,,,,,"E.E. Oswaldo Catalano","um ano",17,homem,branca,"2º ano do Ensino Médio","matutino (manhã)","todo em escola pública",6,3,"acima de 3 SM até 5 SM - de R$ 3.960,01 até R$ 6.600,00.",3,3,1,"ensino médio completo","grupo 3","ensino médio completo","grupo 4","classe média alta",,,,-23.553354809291,-46.513085494462,"menos de 5 minutos","ônibus, metrô/trem","de 21 a 30 minutos","sim, tenho passe livre",sozinha/o,não,"não encontro problemas","não há problemas",bom,bom,"de ser assaltado","não senti medo",táxi/uber,"nem difícil e nem fácil",não,,"às vezes",ótima,não,"insegurança dentro da escola, bullying, preconceito, indisciplina dos alunos, falta de eventos ou atividades culturais",não,,"computador, smartphone",smartphone,ENEM,"biblioteca, cinema, circo, museu, exposição ou galeria de arte, espetáculo ou apresentação de dança, show de música ou concerto, festa folclórica ou típica (ex.: carnaval, festa junina, etc.), eventos geeks ou feiras gamers, feiras de artesanato, antiguidades","biblioteca, cinema","sozinha/o, amiga/o",NA
65,"Pesquisa Mobilidade - E.E. Oswaldo Catalano",draft,"2023-12-05 12:39:17",,"2023-12-05 12:39:17",,,,,,"E.E. Oswaldo Catalano","dois anos",16,mulher,branca,"2º ano do Ensino Médio","matutino (manhã)","todo em escola particular",4,2,"não sei / prefiro não responder",1,1,,"ensino médio completo","grupo 2","pós-graduação completa","grupo 4","classe média baixa",1,,4,-23.542442948452,-46.470997082517,"de 5 a 10 minutos",metrô/trem,"de 21 a 30 minutos","sim, pago meia tarifa",amiga/o,não,"muito trânsito, lixo na rua ou nas calçadas, calçadas com buracos ou obstáculos, lugares difíceis de atravessar, poucas árvores, pouca iluminação","desconforto no veículo (lotação, falta de assentos, muito quente, balança muito, corre muito), assédio no veículo",bom,ruim,"de ser assaltado, de ser perseguido, de sofrer assédio (assobios, assédio verbal ou físico)","já alterei o meu caminho para a escola",carro,"nem difícil e nem fácil",não,"nunca fiquei",raramente,boa,não,"professores ruins, merenda ruim ou insuficiente",não,,"computador, smartphone","computador, smartphone","ENEM, Fuvest (USP)","biblioteca, cinema, museu, exposição ou galeria de arte, espetáculo ou apresentação de dança, festa folclórica ou típica (ex.: carnaval, festa junina, etc.)","espetáculo ou apresentação de dança","irmã/o, amiga/o, mãe/pai, outros familiares",NA
66,"Pesquisa Mobilidade - E.E. Oswaldo Catalano",draft,"2023-12-05 12:40:32",,"2023-12-05 12:40:32",,,,,,"E.E. Oswaldo Catalano","dois anos",17,mulher,branca,"2º ano do Ensino Médio","matutino (manhã)","todo em escola pública",6,2,"acima de 2 SM até 3 SM - de R$ 2.640,01 até R$ 3.960,00.",3,3,,"ensino médio completo","grupo 3","ensino médio completo","grupo 2","classe média baixa",2,,3,-23.5570319,-46.4762155,"de 5 a 10 minutos","ônibus, metrô/trem","de 30 minutos a 1 hora","sim, tenho passe livre","sozinha/o, amiga/o",não,"muita gente, lugares difíceis de atravessar, pouca iluminação","desconforto no veículo (lotação, falta de assentos, muito quente, balança muito, corre muito)",regular,regular,"de ser atropelado, de me perder no caminho, de ser assaltado, de ser perseguido, de sofrer assédio (assobios, assédio verbal ou físico)","já alterei o meu caminho para a escola",carro,"nem difícil e nem fácil",não,,"às vezes",regular,sim,"merenda ruim ou insuficiente, a distância de casa até a escola é muito grande",não,,smartphone,smartphone,"ENEM, Fuvest (USP), Vunesp (UNESP)","cinema, museu, exposição ou galeria de arte, show de música ou concerto, feiras de artesanato, antiguidades","não fui","sozinha/o, amiga/o",NA
67,"Pesquisa Mobilidade - E.E. Oswaldo Catalano",draft,"2023-12-05 12:40:55",,"2023-12-05 12:40:55",,,,,,"E.E. Oswaldo Catalano","dois anos",17,homem,parda,"2º ano do Ensino Médio","matutino (manhã)","maior parte em escola particular",3,3,"acima de 2 SM até 3 SM - de R$ 2.640,01 até R$ 3.960,00.",,,,"ensino médio completo","grupo 2","não sei","grupo 2",pobre,,1,1,-23.5384306,-46.5798826,"menos de 5 minutos",ônibus,"de 21 a 30 minutos","sim, tenho passe livre",sozinha/o,"sim, depois de ir para a escola","muita gente","desconforto no veículo (lotação, falta de assentos, muito quente, balança muito, corre muito)",bom,regular,"de ser assaltado","não senti medo",carro,"nem difícil e nem fácil",não,,"às vezes",boa,não,"escola pequena / apertada, infraestrutura ruim, merenda ruim ou insuficiente, indisciplina dos alunos, falta de eventos ou atividades culturais",não,,smartphone,"computador, smartphone",ENEM,"biblioteca, cinema, circo, museu, exposição ou galeria de arte, teatro ou stand-up, espetáculo ou apresentação de dança, show de música ou concerto, festa folclórica ou típica (ex.: carnaval, festa junina, etc.), sarau, batalhas de rap ou slam, baile funk, eventos geeks ou feiras gamers","cinema, teatro ou stand-up, show de música ou concerto",amiga/o,NA
68,"Pesquisa Mobilidade - E.E. Oswaldo Catalano",draft,"2023-12-05 12:41:30",,"2023-12-05 12:41:30",,,,,,"E.E. Oswaldo Catalano","dois anos",18,mulher,branca,"2º ano do Ensino Médio","matutino (manhã)","todo em escola pública",4,2,"acima de 1 SM até 2 SM - de R$ 1.320,01 até R$ 2.640,00.",1,2,1,"ensino fundamental completo","grupo 5","ensino fundamental completo","não sei / prefiro não responder","classe média baixa",1,,,-23.534069745654,-46.394303824244,"de 5 a 10 minutos","ônibus, metrô/trem","de 30 minutos a 1 hora","sim, tenho passe livre",sozinha/o,não,"não encontro problemas","o ponto/estação é muito distante, desconforto no veículo (lotação, falta de assentos, muito quente, balança muito, corre muito), comportamento incômodo de outros passageiros",bom,regular,"de ser atropelado, de cair, de me perder no caminho, de ser assaltado, de ser perseguido","deixei de ir para escola",carro,"nem difícil e nem fácil","já repeti de ano",.,"às vezes",boa,não,"indisciplina dos alunos, falta de eventos ou atividades culturais",não,,"smartphone, nenhum",computador,"não sei","teatro ou stand-up, espetáculo ou apresentação de dança","espetáculo ou apresentação de dança","irmã/o, amiga/o, mãe/pai",NA
69,"Pesquisa Mobilidade - E.E. Oswaldo Catalano",draft,"2023-12-05 12:42:43",,"2023-12-05 12:42:43",,,,,,"E.E. Oswaldo Catalano","dois anos",16,mulher,parda,"2º ano do Ensino Médio","matutino (manhã)","maior parte em escola pública",4,2,"acima de 2 SM até 3 SM - de R$ 2.640,01 até R$ 3.960,00.",1,1,,"ensino superior incompleto","grupo 4","ensino médio completo","grupo 3","classe média baixa",1,,1,-23.5824973,-46.4092065,"menos de 5 minutos","ônibus, metrô/trem","mais do que 1 hora","não uso bilhete único, mas uso transporte público",sozinha/o,não,"muita subida, poucas calçadas, calçadas estreitas, lixo na rua ou nas calçadas, lugares difíceis de atravessar","espero muito no ponto/estação, demora muito para chegar na escola, passagem cara, muito trânsito, desconforto no veículo (lotação, falta de assentos, muito quente, balança muito, corre muito)",regular,ruim,"de ser atropelado, de cair, de ser assaltado, de ser perseguido, de sofrer assédio (assobios, assédio verbal ou físico)","isso não afetou o meu acesso",carro,"nem difícil e nem fácil",não,,bastante,regular,indiferente,"merenda ruim ou insuficiente, demora para abrir o portão, a distância de casa até a escola é muito grande",não,,"computador, smartphone","computador, smartphone","ENEM, Fuvest (USP), COMVEST (UNICAMP), para uma faculdade particular","biblioteca, cinema, circo, museu, exposição ou galeria de arte, teatro ou stand-up, espetáculo ou apresentação de dança, festa folclórica ou típica (ex.: carnaval, festa junina, etc.)","cinema, espetáculo ou apresentação de dança","amiga/o, outros familiares",NA
70,"Pesquisa Mobilidade - E.E. Oswaldo Catalano",draft,"2023-12-05 12:43:56",,"2023-12-05 12:43:56",,,,,,"E.E. Oswaldo Catalano","um ano",17,mulher,preta,"2º ano do Ensino Médio","matutino (manhã)","todo em escola pública",4,3,"acima de 1 SM até 2 SM - de R$ 1.320,01 até R$ 2.640,00.",1,,1,"ensino médio completo","grupo 2","ensino fundamental incompleto","grupo 4",pobre,1,,,-23.5197233,-46.5682193,"de 5 a 10 minutos",ônibus,"de 21 a 30 minutos","sim, tenho passe livre","outros familiares",não,"calçadas estreitas, lixo na rua ou nas calçadas, calçadas com buracos ou obstáculos","muito trânsito, desconforto no veículo (lotação, falta de assentos, muito quente, balança muito, corre muito)",regular,bom,"de ser assaltado, de ser perseguido, de sofrer assédio (assobios, assédio verbal ou físico)","já alterei o meu caminho para a escola",carro,"nem difícil e nem fácil",não,,raramente,boa,sim,"muitos alunos por classe, falta de equipamentos, merenda ruim ou insuficiente, indisciplina dos alunos, demora para abrir o portão, a distância de casa até a escola é muito grande, falta de eventos ou atividades culturais",não,,smartphone,"computador, smartphone",ENEM,"biblioteca, cinema, museu, exposição ou galeria de arte, teatro ou stand-up, festa folclórica ou típica (ex.: carnaval, festa junina, etc.), feiras de artesanato, antiguidades","museu, exposição ou galeria de arte","irmã/o, amiga/o, mãe/pai",NA
71,"Pesquisa Mobilidade - E.E. Oswaldo Catalano",draft,"2023-12-05 12:44:09",,"2023-12-05 12:44:09",,,,,,"E.E. Oswaldo Catalano","um ano",17,homem,branca,"2º ano do Ensino Médio","matutino (manhã)","todo em escola pública",4,2,"acima de 1 SM até 2 SM - de R$ 1.320,01 até R$ 2.640,00.",1,1,,"ensino superior incompleto","grupo 2","ensino fundamental incompleto","grupo 2","classe média baixa",1,1,,-23.5672742,-46.3949211,"menos de 5 minutos","ônibus, metrô/trem","mais do que 1 hora","sim, tenho passe livre",sozinha/o,não,"lixo na rua ou nas calçadas, outros problemas","muito trânsito, comportamento incômodo de outros passageiros, assédio no veículo",bom,regular,"de ser assaltado, de sofrer assédio (assobios, assédio verbal ou físico)","isso não afetou o meu acesso",carro,"nem difícil e nem fácil",não,"Nunca reprovei ou fiquei de recuperação","às vezes",boa,não,"merenda ruim ou insuficiente, outro",não,,"computador, smartphone","computador, smartphone","ENEM, Fuvest (USP), COMVEST (UNICAMP), para uma faculdade particular","cinema, museu, exposição ou galeria de arte, teatro ou stand-up, show de música ou concerto, eventos geeks ou feiras gamers","não fui",amiga/o,NA
72,"Pesquisa Mobilidade - E.E. Oswaldo Catalano",draft,"2023-12-05 12:46:27",,"2023-12-05 12:46:27",,,,,,"E.E. Oswaldo Catalano","dois anos",17,homem,preta,"2º ano do Ensino Médio","matutino (manhã)","todo em escola pública",3,2,"acima de 1 SM até 2 SM - de R$ 1.320,01 até R$ 2.640,00.",,1,,"ensino superior completo","grupo 4","ensino superior completo","grupo 4","classe média baixa",1,,,-23.58317021656,-46.407858654868,"menos de 5 minutos","ônibus, metrô/trem","de 30 minutos a 1 hora","sim, tenho passe livre","sozinha/o, amiga/o",não,"não encontro problemas","demora muito para chegar na escola, desconforto no veículo (lotação, falta de assentos, muito quente, balança muito, corre muito)",regular,regular,"de ser assaltado, de ser perseguido, outros","isso não afetou o meu acesso",carro,"no geral, acho difícil",não,,"às vezes",boa,não,"sujeira, merenda ruim ou insuficiente, indisciplina dos alunos, falta de eventos ou atividades culturais",não,,"computador, smartphone","computador, smartphone","não sei","biblioteca, museu, exposição ou galeria de arte, teatro ou stand-up","não fui","não se aplica",NA
73,"Pesquisa Mobilidade - E.E. Oswaldo Catalano",draft,"2023-12-05 12:47:51",,"2023-12-05 12:47:51",,,,,,"E.E. Oswaldo Catalano","menos de um ano",16,mulher,parda,"2º ano do Ensino Médio","matutino (manhã)","todo em escola pública",3,2,"acima de 3 SM até 5 SM - de R$ 3.960,01 até R$ 6.600,00.",1,,1,"ensino médio completo","grupo 2","ensino superior completo","grupo 3",pobre,,,,-23.481688443851,-46.378794908524,"menos de 5 minutos","ônibus, metrô/trem","de 30 minutos a 1 hora","sim, tenho passe livre",sozinha/o,não,"muita gente","demora muito para chegar na escola, desconforto no veículo (lotação, falta de assentos, muito quente, balança muito, corre muito), comportamento incômodo de outros passageiros",regular,regular,"de ser assaltado, de ser perseguido, de sofrer assédio (assobios, assédio verbal ou físico)","já alterei o meu caminho para a escola",metrô/trem,"nem difícil e nem fácil",não,Não.,raramente,boa,não,"muitos alunos por classe, professores ruins, a distância de casa até a escola é muito grande",sim,"Necessidade de embarcar no mercado de trabalho.",smartphone,"tablet, smartphone","ENEM, Fuvest (USP)","biblioteca, cinema, museu, exposição ou galeria de arte, espetáculo ou apresentação de dança, show de música ou concerto, festa folclórica ou típica (ex.: carnaval, festa junina, etc.)",cinema,"irmã/o, amiga/o",NA
74,"Pesquisa Mobilidade - E.E. Oswaldo Catalano",draft,"2023-12-05 12:48:23",,"2023-12-05 12:48:23",,,,,,"E.E. Oswaldo Catalano","dois anos",17,mulher,branca,"2º ano do Ensino Médio","matutino (manhã)","todo em escola pública",5,2,"acima de 1 SM até 2 SM - de R$ 1.320,01 até R$ 2.640,00.",1,,2,"ensino superior incompleto","não sei / prefiro não responder","ensino médio incompleto","não sei / prefiro não responder","classe média baixa",2,,6,-23.559331384304,-46.495523080243,"menos de 5 minutos",carro,"de 21 a 30 minutos","sim, tenho passe livre",mãe/pai,não,"muito trânsito, muita gente, outros problemas","outros problemas",bom,regular,"de me perder no caminho, de ser assaltado, de ser perseguido, de sofrer assédio (assobios, assédio verbal ou físico), outros","isso não afetou o meu acesso","não mudaria","nem difícil e nem fácil","já repeti de ano",,"às vezes",boa,indiferente,"professores ruins, indisciplina dos alunos, demora para abrir o portão, outro",não,,"computador, tablet, smartphone","computador, tablet, smartphone",ENEM,"nunca fui","não fui","não se aplica",NA
75,"Pesquisa Mobilidade - E.E. Oswaldo Catalano",draft,"2023-12-05 13:30:04",,"2023-12-05 13:30:04",,,,,,"E.E. Oswaldo Catalano","menos de um ano",17,mulher,branca,"2º ano do Ensino Médio","matutino (manhã)","todo em escola pública",4,2,"acima de 2 SM até 3 SM - de R$ 2.640,01 até R$ 3.960,00.",,1,2,"pós-graduação completa","grupo 4","ensino médio completo","não sei / prefiro não responder","classe média alta",2,,,-23.5403246,-46.4063222,"mais do que 30 minutos","carro, ônibus, metrô/trem","de 30 minutos a 1 hora","sim, tenho passe livre","sozinha/o, mãe/pai",não,"muito trânsito, muita gente, outros problemas","espero muito no ponto/estação, demora muito para chegar na escola, muito trânsito, desconforto no veículo (lotação, falta de assentos, muito quente, balança muito, corre muito), comportamento incômodo de outros passageiros",regular,ruim,"de cair, de ser assaltado, de sofrer assédio (assobios, assédio verbal ou físico)","deixei de ir para escola","van gratuita - TEG","nem difícil e nem fácil",não,,"às vezes",regular,indiferente,"falta material escolar, falta de equipamentos, sujeira, a distância de casa até a escola é muito grande, falta de eventos ou atividades culturais",não,,smartphone,smartphone,"ENEM, Fuvest (USP), Vunesp (UNESP)","biblioteca, cinema, museu, exposição ou galeria de arte, teatro ou stand-up, espetáculo ou apresentação de dança, batalhas de rap ou slam","não fui","amiga/o, outros familiares",NA
76,"Pesquisa Mobilidade - E.E. Oswaldo Catalano",draft,"2023-12-05 13:46:47",,"2023-12-05 13:46:47",,,,,,"E.E. Oswaldo Catalano","dois anos",16,mulher,parda,"2º ano do Ensino Médio","matutino (manhã)","todo em escola pública",4,2,"acima de 3 SM até 5 SM - de R$ 3.960,01 até R$ 6.600,00.",1,1,,"pós-graduação completa","grupo 5","ensino superior completo","grupo 4","classe média baixa",1,,2,-23.573690178417,-46.484886646503,"de 5 a 10 minutos",metrô/trem,"de 30 minutos a 1 hora","sim, tenho passe livre",sozinha/o,não,"pouca iluminação","desconforto no veículo (lotação, falta de assentos, muito quente, balança muito, corre muito), comportamento incômodo de outros passageiros",regular,regular,"de ser assaltado, de sofrer assédio (assobios, assédio verbal ou físico)","isso não afetou o meu acesso",carro,"no geral, acho fácil",não,,bastante,regular,sim,"muitos alunos por classe, falta de equipamentos, indisciplina dos alunos",não,,"computador, smartphone","computador, smartphone","ENEM, Fuvest (USP), Vunesp (UNESP), COMVEST (UNICAMP), para uma faculdade particular","biblioteca, cinema, museu, exposição ou galeria de arte, show de música ou concerto",biblioteca,amiga/o,NA
77,"Pesquisa Mobilidade - E.E. Oswaldo Catalano",draft,"2023-12-05 13:50:28",,"2023-12-05 13:50:28",,,,,,"E.E. Oswaldo Catalano","menos de um ano",17,mulher,branca,"2º ano do Ensino Médio","matutino (manhã)","todo em escola pública",4,1,"acima de 1 SM até 2 SM - de R$ 1.320,01 até R$ 2.640,00.",1,1,,"ensino médio incompleto","grupo 4","ensino médio completo","não possui ocupação / desempregada(o)","classe média baixa",1,,,-23.5310464,-46.5015767,"de 11 a 20 minutos","ônibus, metrô/trem","de 30 minutos a 1 hora","sim, tenho passe livre",sozinha/o,não,"muita subida, muita descida, calçadas estreitas, lixo na rua ou nas calçadas, calçadas com buracos ou obstáculos, poucas árvores, outros problemas","espero muito no ponto/estação, desconforto no veículo (lotação, falta de assentos, muito quente, balança muito, corre muito), comportamento incômodo de outros passageiros, assédio no veículo, outros problemas",ruim,ruim,"de ser atropelado, de cair, de me perder no caminho, de ser assaltado, de ser perseguido, de sofrer assédio (assobios, assédio verbal ou físico), outros","já alterei o meu caminho para a escola",carro,"no geral, acho difícil",não,,raramente,regular,indiferente,"muitos alunos por classe, professores ruins, infraestrutura ruim",não,,smartphone,smartphone,ENEM,"cinema, espetáculo ou apresentação de dança, show de música ou concerto, festa folclórica ou típica (ex.: carnaval, festa junina, etc.)","não fui","irmã/o, amiga/o, mãe/pai, outros familiares",NA
78,"Pesquisa Mobilidade - E.E. Oswaldo Catalano",draft,"2023-12-05 13:53:04",,"2023-12-05 13:53:04",,,,,,"E.E. Oswaldo Catalano","menos de um ano",16,mulher,branca,"2º ano do Ensino Médio","matutino (manhã)","todo em escola particular",4,2,"acima de 1 SM até 2 SM - de R$ 1.320,01 até R$ 2.640,00.",3,3,1,"ensino superior completo","não sei / prefiro não responder","ensino superior completo","não sei / prefiro não responder","classe média baixa",2,,1,-23.142294873842,-46.949004181081,"menos de 5 minutos","ônibus, metrô/trem","de 30 minutos a 1 hora","sim, tenho passe livre",irmã/o,não,"muita gente, poucas calçadas, calçadas estreitas, lixo na rua ou nas calçadas, outros problemas","demora muito para chegar na escola, passagem cara, desconforto no veículo (lotação, falta de assentos, muito quente, balança muito, corre muito), outros problemas",péssimo,péssimo,"de ser atropelado, de cair, de ser assaltado, de ser perseguido, outros","isso não afetou o meu acesso",carro,"nem difícil e nem fácil",não,,"às vezes",regular,sim,"muitos alunos por classe, infraestrutura ruim, sujeira",não,,smartphone,smartphone,"não pretendo prestar, Fuvest (USP)","cinema, museu, exposição ou galeria de arte","não fui",irmã/o,NA
79,"Pesquisa Mobilidade - E.E. Oswaldo Catalano",draft,"2023-12-05 13:53:38",,"2023-12-05 13:53:38",,,,,,"E.E. Oswaldo Catalano","menos de um ano",17,homem,branca,"2º ano do Ensino Médio","matutino (manhã)","maior parte em escola pública",7,2,"acima de 3 SM até 5 SM - de R$ 3.960,01 até R$ 6.600,00.",2,2,,"ensino superior completo","grupo 4","ensino superior incompleto","grupo 3","classe média baixa",1,,,-23.566843575272,-46.495501705392,"menos de 5 minutos","ônibus, metrô/trem","mais do que 1 hora","sim, tenho passe livre",sozinha/o,não,"lixo na rua ou nas calçadas, lugares difíceis de atravessar","demora muito para chegar na escola, muito trânsito, desconforto no veículo (lotação, falta de assentos, muito quente, balança muito, corre muito), comportamento incômodo de outros passageiros",ruim,ruim,"de ser assaltado","isso não afetou o meu acesso",carro,"no geral, acho difícil",não,,bastante,ruim,sim,"professores ruins, infraestrutura ruim, sujeira, a distância de casa até a escola é muito grande",não,,nenhum,"computador, smartphone",outros,"biblioteca, cinema, museu, exposição ou galeria de arte, espetáculo ou apresentação de dança, show de música ou concerto","não fui","irmã/o, mãe/pai",NA
80,"Pesquisa Mobilidade - E.E. Oswaldo Catalano",draft,"2023-12-05 13:55:32",,"2023-12-05 13:55:32",,,,,,"E.E. Oswaldo Catalano","dois anos",17,homem,parda,"2º ano do Ensino Médio","matutino (manhã)","todo em escola pública",10,4,"acima de 3 SM até 5 SM - de R$ 3.960,01 até R$ 6.600,00.",5,2,4,"ensino médio incompleto","grupo 4","ensino médio incompleto","grupo 3","classe média baixa",1,,5,-23.539505351895,-46.58221888191,"de 5 a 10 minutos","a pé","menos de 10 minutos","não uso transporte público",sozinha/o,"sim, depois de ir para a escola","não encontro problemas","não uso transporte público",bom,bom,"de ser assaltado","isso não afetou o meu acesso","não mudaria","nem difícil e nem fácil",não,,raramente,ruim,sim,"infraestrutura ruim, sujeira, merenda ruim ou insuficiente, falta de professores, ensino ruim",não,,smartphone,smartphone,"ENEM, Fuvest (USP), para uma faculdade particular","cinema, museu, exposição ou galeria de arte, show de música ou concerto, sarau","show de música ou concerto",irmã/o,NA
81,"Pesquisa Mobilidade - E.E. Oswaldo Catalano",draft,"2023-12-05 13:55:53",,"2023-12-05 13:55:53",,,,,,"E.E. Oswaldo Catalano","dois anos",17,homem,parda,"2º ano do Ensino Médio","matutino (manhã)","todo em escola pública",2,2,"até 1 SM - até R$ 1.320,00.",,,,"ensino médio incompleto","grupo 2","ensino médio incompleto","grupo 2","classe média baixa",,,,-23.524420662398,-46.399378949541,"de 5 a 10 minutos","a pé, ônibus, metrô/trem","mais do que 1 hora","sim, tenho passe livre",namorada/o,"sim, depois de ir para a escola","muito trânsito, muita gente","o ponto/estação é muito distante, espero muito no ponto/estação, demora muito para chegar na escola, desconforto no veículo (lotação, falta de assentos, muito quente, balança muito, corre muito), comportamento incômodo de outros passageiros",péssimo,ruim,"de ser assaltado","já alterei o meu caminho para a escola",carro,"nem difícil e nem fácil",não,,bastante,regular,não,"a distância de casa até a escola é muito grande, falta de eventos ou atividades culturais, ensino ruim",não,,smartphone,smartphone,ENEM,"nunca fui","não fui","namorada/o, outras pessoas",NA
82,"Pesquisa Mobilidade - E.E. Oswaldo Catalano",draft,"2023-12-05 13:56:56",,"2023-12-05 13:56:56",,,,,,"E.E. Oswaldo Catalano","dois anos",16,mulher,parda,"2º ano do Ensino Médio","matutino (manhã)","todo em escola pública",4,2,"acima de 3 SM até 5 SM - de R$ 3.960,01 até R$ 6.600,00.",2,2,1,"ensino superior completo","grupo 4","ensino fundamental incompleto","grupo 3","classe média baixa",,,2,-23.542331,-46.4157007,"de 5 a 10 minutos","a pé, ônibus, metrô/trem","de 30 minutos a 1 hora","sim, tenho passe livre",sozinha/o,não,"muito trânsito, muita gente, lixo na rua ou nas calçadas, calçadas com buracos ou obstáculos, lugares difíceis de atravessar","espero muito no ponto/estação, desconforto no veículo (lotação, falta de assentos, muito quente, balança muito, corre muito), comportamento incômodo de outros passageiros, assédio no veículo",ruim,péssimo,"de ser atropelado, de cair, de ser assaltado, de ser perseguido, de sofrer assédio (assobios, assédio verbal ou físico)","já alterei o meu caminho para a escola",carro,"no geral, acho fácil","peguei recuperação em um ano","Tive recuperação por causa de problemas com a sede.","às vezes",boa,não,"infraestrutura ruim, sujeira, indisciplina dos alunos, demora para abrir o portão, falta transporte escolar, a distância de casa até a escola é muito grande, falta de eventos ou atividades culturais",não,,smartphone,smartphone,"ENEM, Fuvest (USP), Vunesp (UNESP), COMVEST (UNICAMP)","biblioteca, cinema, circo, museu, exposição ou galeria de arte, espetáculo ou apresentação de dança, show de música ou concerto, festa folclórica ou típica (ex.: carnaval, festa junina, etc.)","não fui","sozinha/o, amiga/o, mãe/pai","Sobre as disciplinas da escola, são totalmente desreguladas, onde estudar se tornou mais que cansativo, não priorizando matérias essenciais."
83,"Pesquisa Mobilidade - E.E. Oswaldo Catalano",draft,"2023-12-05 13:57:10",,"2023-12-05 13:57:10",,,,,,"E.E. Oswaldo Catalano","dois anos",17,mulher,branca,"2º ano do Ensino Médio","matutino (manhã)","todo em escola pública",4,3,"acima de 2 SM até 3 SM - de R$ 2.640,01 até R$ 3.960,00.",1,1,1,"ensino médio completo","grupo 4","ensino médio completo","grupo 3","classe média baixa",1,,,-23.539677353214,-46.431687355917,"de 5 a 10 minutos","a pé, metrô/trem","de 21 a 30 minutos","sim, tenho passe livre",sozinha/o,não,"muita gente, lixo na rua ou nas calçadas","desconforto no veículo (lotação, falta de assentos, muito quente, balança muito, corre muito)",ruim,regular,"de ser assaltado, de ser perseguido, de sofrer assédio (assobios, assédio verbal ou físico)","isso não afetou o meu acesso",carro,"nem difícil e nem fácil",não,,raramente,regular,não,"insegurança dentro da escola, falta material escolar, falta de equipamentos, infraestrutura ruim",não,,tablet,"computador, smartphone","ENEM, Fuvest (USP), Vunesp (UNESP)","biblioteca, cinema, circo, museu, exposição ou galeria de arte, teatro ou stand-up, show de música ou concerto, festa folclórica ou típica (ex.: carnaval, festa junina, etc.), eventos geeks ou feiras gamers, feiras de artesanato, antiguidades",cinema,"amiga/o, mãe/pai",Não
84,"Pesquisa Mobilidade - E.E. Oswaldo Catalano",draft,"2023-12-05 13:59:23",,"2023-12-05 13:59:23",,,,,,"E.E. Oswaldo Catalano","um ano",17,mulher,indígena,"2º ano do Ensino Médio","matutino (manhã)","todo em escola pública",11,3,"não sei / prefiro não responder",3,2,1,"ensino médio completo","grupo 3","ensino médio completo","grupo 3","classe média alta",1,,,-23.535015797073,-46.578399922334,"menos de 5 minutos","a pé","de 11 a 20 minutos","não uso bilhete único, mas uso transporte público",sozinha/o,não,"lixo na rua ou nas calçadas, calçadas com buracos ou obstáculos","não uso transporte público",bom,bom,"de ser assaltado, de ser perseguido, de sofrer assédio (assobios, assédio verbal ou físico), de ser parado por policiais ou agentes de segurança","isso não afetou o meu acesso","não mudaria","nem difícil e nem fácil","peguei recuperação em um ano",,raramente,boa,não,"muitos alunos por classe, insegurança dentro da escola, falta de equipamentos, sujeira, indisciplina dos alunos",não,,smartphone,"computador, smartphone","ENEM, Fuvest (USP), outros","biblioteca, cinema","não fui",amiga/o,NA
86,"Pesquisa Mobilidade - E.E. Oswaldo Catalano",draft,"2023-12-05 13:59:31",,"2023-12-05 13:59:31",,,,,,"E.E. Oswaldo Catalano","dois anos",16,homem,branca,"2º ano do Ensino Médio","matutino (manhã)","maior parte em escola particular",3,1,"acima de 3 SM até 5 SM - de R$ 3.960,01 até R$ 6.600,00.",,,,"ensino médio completo","grupo 4","não sei","não possui ocupação / desempregada(o)","classe média baixa",,,,-23.550530134873,-46.493213653429,"menos de 5 minutos",ônibus,"de 21 a 30 minutos","sim, tenho passe livre",sozinha/o,"sim, depois de ir para a escola","não encontro problemas","não há problemas",bom,ótimo,"não sinto medo no meu caminho","não senti medo",carro,"no geral, acho fácil",não,,bastante,péssima,sim,"muitos alunos por classe, professores ruins, ensino ruim",não,,smartphone,"computador, tablet, smartphone","ENEM, para uma faculdade particular","biblioteca, cinema, circo, museu, exposição ou galeria de arte, teatro ou stand-up, espetáculo ou apresentação de dança, show de música ou concerto, eventos geeks ou feiras gamers","cinema, museu, exposição ou galeria de arte, teatro ou stand-up, show de música ou concerto","sozinha/o, amiga/o, namorada/o",Nao
87,"Pesquisa Mobilidade - E.E. Oswaldo Catalano",draft,"2023-12-05 13:59:33",,"2023-12-05 13:59:33",,,,,,"E.E. Oswaldo Catalano","dois anos",17,homem,branca,"2º ano do Ensino Médio","matutino (manhã)","todo em escola pública",4,2,"acima de 2 SM até 3 SM - de R$ 2.640,01 até R$ 3.960,00.",1,1,,"não sei","grupo 2","não sei","não possui ocupação / desempregada(o)","classe média baixa",,,1,-23.590210542062,-46.416513060924,"de 5 a 10 minutos","ônibus, metrô/trem","de 30 minutos a 1 hora","sim, tenho passe livre",sozinha/o,não,"não encontro problemas, lixo na rua ou nas calçadas","espero muito no ponto/estação, desconforto no veículo (lotação, falta de assentos, muito quente, balança muito, corre muito)",ruim,bom,"não sinto medo no meu caminho","não senti medo","não mudaria","nem difícil e nem fácil",não,,"às vezes",boa,não,"nenhum, merenda ruim ou insuficiente, a distância de casa até a escola é muito grande",não,,"computador, smartphone","computador, smartphone","não sei","cinema, museu, exposição ou galeria de arte","não fui","mãe/pai, outros familiares",NA
88,"Pesquisa Mobilidade - E.E. Oswaldo Catalano",draft,"2023-12-05 13:59:35",,"2023-12-05 13:59:35",,,,,,"E.E. Oswaldo Catalano","dois anos",17,mulher,branca,"2º ano do Ensino Médio","matutino (manhã)","todo em escola pública",3,2,"acima de 5 SM até 7 SM - de R$ 6.600,01 até R$ 9.240,00.",,,,"pós-graduação completa","grupo 4","ensino fundamental incompleto","grupo 3","classe média baixa",1,1,,-23.588792792597,-46.420730575919,"menos de 5 minutos","ônibus, metrô/trem","mais do que 1 hora","sim, tenho passe livre",sozinha/o,não,"muita gente, lixo na rua ou nas calçadas, calçadas com buracos ou obstáculos","demora muito para chegar na escola, desconforto no veículo (lotação, falta de assentos, muito quente, balança muito, corre muito)",ruim,ruim,"de ser assaltado, de ser perseguido, de sofrer assédio (assobios, assédio verbal ou físico)","já alterei o meu caminho para a escola",moto,"no geral, acho fácil",não,,"às vezes",regular,indiferente,"muitos alunos por classe, preconceito, ensino ruim",não,,smartphone,"computador, tablet, smartphone","ENEM, Fuvest (USP)","biblioteca, cinema, circo, museu, exposição ou galeria de arte, teatro ou stand-up, sarau, feiras de artesanato, antiguidades","biblioteca, cinema, museu, exposição ou galeria de arte","sozinha/o, amiga/o, mãe/pai",Não.
89,"Pesquisa Mobilidade - E.E. Oswaldo Catalano",draft,"2023-12-05 13:59:39",,"2023-12-05 13:59:39",,,,,,"E.E. Oswaldo Catalano","um ano",17,mulher,preta,"2º ano do Ensino Médio","matutino (manhã)","todo em escola pública",3,1,"não sei / prefiro não responder",1,1,1,"ensino médio completo","grupo 4","ensino médio completo","grupo 4","classe média alta",1,,,-23.489397520492,-46.380798901315,"de 5 a 10 minutos",metrô/trem,"de 30 minutos a 1 hora","sim, tenho passe livre",sozinha/o,não,"muito trânsito, pouca gente, muita subida, lixo na rua ou nas calçadas, calçadas com buracos ou obstáculos, lugares difíceis de atravessar, pouca iluminação, muros altos e fechados","desconforto no veículo (lotação, falta de assentos, muito quente, balança muito, corre muito), comportamento incômodo de outros passageiros, assédio no veículo, outros problemas",regular,regular,"de ser atropelado, de cair, de ser assaltado, de ser perseguido, de sofrer assédio (assobios, assédio verbal ou físico), outros","já alterei o meu caminho para a escola",carro,"nem difícil e nem fácil",não,,bastante,regular,sim,"preconceito, falta de equipamentos, infraestrutura ruim, sujeira, merenda ruim ou insuficiente, indisciplina dos alunos, falta de professores, falta transporte escolar, a distância de casa até a escola é muito grande, falta de eventos ou atividades culturais",não,,smartphone,"computador, smartphone","ENEM, Fuvest (USP), para uma faculdade particular","cinema, circo, museu, exposição ou galeria de arte, teatro ou stand-up, show de música ou concerto, sarau, feiras de artesanato, antiguidades",cinema,"irmã/o, amiga/o, mãe/pai, outros familiares, pais de amigos",NA
90,"Pesquisa Mobilidade - E.E. Oswaldo Catalano",draft,"2023-12-05 13:59:53",,"2023-12-05 13:59:53",,,,,,"E.E. Oswaldo Catalano","menos de um ano",17,mulher,branca,"1º ano do Ensino Médio","matutino (manhã)","todo em escola pública",7,2,"acima de 3 SM até 5 SM - de R$ 3.960,01 até R$ 6.600,00.",2,2,1,"ensino médio completo","grupo 3","ensino médio incompleto","não possui ocupação / desempregada(o)","classe média baixa",1,,,-22.0649926,-47.8829952,"menos de 5 minutos",ônibus,"de 21 a 30 minutos","sim, pago meia tarifa",sozinha/o,"sim, depois de ir para a escola","muita gente, calçadas estreitas, lixo na rua ou nas calçadas, calçadas com buracos ou obstáculos, lugares difíceis de atravessar, poucas árvores, outros problemas","o ponto/estação é muito distante, espero muito no ponto/estação, demora muito para chegar na escola, muito trânsito, desconforto no veículo (lotação, falta de assentos, muito quente, balança muito, corre muito), comportamento incômodo de outros passageiros, outros problemas",regular,regular,"não sinto medo no meu caminho","não senti medo",carro,"nem difícil e nem fácil",não,,bastante,regular,sim,"muitos alunos por classe, falta de equipamentos, escola pequena / apertada, indisciplina dos alunos, falta de professores, a distância de casa até a escola é muito grande, ensino ruim, outro",não,,computador,smartphone,"não sei","biblioteca, cinema, circo, eventos geeks ou feiras gamers","não fui",mãe/pai,NA
91,"Pesquisa Mobilidade - E.E. Oswaldo Catalano",draft,"2023-12-05 14:09:37",,"2023-12-05 14:09:37",,,,,,"E.E. Oswaldo Catalano","dois anos",17,homem,parda,"2º ano do Ensino Médio","matutino (manhã)","todo em escola pública",6,5,"acima de 10 SM até 15 SM – de R$ 13.200,01 até R$ 19.800,00.",1,,1,"ensino fundamental completo","grupo 5","ensino fundamental completo","grupo 2","classe média baixa",2,,,-23.5566914,-46.4880424,"menos de 5 minutos","ônibus, metrô/trem","de 30 minutos a 1 hora","sim, tenho passe livre",sozinha/o,não,"muito trânsito","muito trânsito",regular,regular,"não sinto medo no meu caminho","não senti medo","não mudaria","no geral, acho difícil","já repeti de ano","Falta de compremetimento da minha parte","às vezes",regular,não,"muitos alunos por classe, insegurança dentro da escola, falta de equipamentos, outro",não,,smartphone,"computador, smartphone","para uma faculdade particular","cinema, show de música ou concerto, festa folclórica ou típica (ex.: carnaval, festa junina, etc.)","show de música ou concerto, festa folclórica ou típica (ex.: carnaval, festa junina, etc.)","amiga/o, namorada/o","Sofro de TDAH (transtorno de defit de atenção e imperatividade) por isso tenho muita dificuldade em desenvolver certas atividades na escola, tenho medo de repetir de ano por causa disso"
92,"Pesquisa Mobilidade - E.E. Oswaldo Catalano",draft,"2023-12-05 15:24:10",,"2023-12-05 15:24:10",,,,,,"E.E. Oswaldo Catalano","dois anos",17,mulher,preta,"2º ano do Ensino Médio","matutino (manhã)","maior parte em escola particular",4,1,"acima de 1 SM até 2 SM - de R$ 1.320,01 até R$ 2.640,00.",2,2,,"ensino superior completo","grupo 4","ensino médio completo","grupo 2","classe média baixa",,,,-23.542282892965,-46.47112563652,"de 5 a 10 minutos",metrô/trem,"de 21 a 30 minutos","sim, tenho passe livre",amiga/o,não,"calçadas com buracos ou obstáculos, lugares difíceis de atravessar, outros problemas","desconforto no veículo (lotação, falta de assentos, muito quente, balança muito, corre muito), comportamento incômodo de outros passageiros, assédio no veículo",regular,regular,"de ser atropelado, de ser assaltado, de sofrer assédio (assobios, assédio verbal ou físico)","já alterei o meu caminho para a escola",carona,"nem difícil e nem fácil",não,,raramente,boa,não,"muitos alunos por classe, falta material escolar, falta de equipamentos, sujeira, merenda ruim ou insuficiente, indisciplina dos alunos, falta de eventos ou atividades culturais",não,,smartphone,smartphone,"ENEM, Fuvest (USP), Vunesp (UNESP), para uma faculdade particular","cinema, circo, teatro ou stand-up, show de música ou concerto, festa folclórica ou típica (ex.: carnaval, festa junina, etc.), batalhas de rap ou slam","não fui","amiga/o, mãe/pai, outras pessoas",NA
93,"Pesquisa Mobilidade - E.E. Oswaldo Catalano",draft,"2023-12-06 04:06:33",,"2023-12-06 04:06:33",,,,,,"E.E. Oswaldo Catalano","um ano",17,mulher,branca,"2º ano do Ensino Médio","matutino (manhã)","todo em escola pública",4,2,"acima de 1 SM até 2 SM - de R$ 1.320,01 até R$ 2.640,00.",1,1,,"ensino médio incompleto","grupo 2","ensino médio incompleto","grupo 2","classe média baixa",1,,1,-23.542106129278,-46.415433288441,"de 11 a 20 minutos","ônibus, metrô/trem","de 30 minutos a 1 hora","sim, tenho passe livre",amiga/o,"sim, depois de ir para a escola","outros problemas","espero muito no ponto/estação, muito trânsito",regular,regular,"de ser assaltado","isso não afetou o meu acesso",carro,"nem difícil e nem fácil",não,,bastante,regular,não,"falta de equipamentos, merenda ruim ou insuficiente, falta de professores, outro",não,,smartphone,smartphone,"ENEM, Fuvest (USP)","cinema, teatro ou stand-up, show de música ou concerto","não fui",amiga/o,"Não muito obrigada!"
